DATAFLOW,LAST UPDATE,freq,unit,sex,indic_he,geo,TIME_PERIOD,OBS_VALUE,OBS_FLAG,CONF_STATUS
ESTAT:TPS00208(1.0),04/07/25 23:00:00,Annual,Year,Males,Life expectancy in absolute value at birth,Albania,2012,,,
ESTAT:TPS00208(1.0),04/07/25 23:00:00,Annual,Year,Males,Life expectancy in absolute value at birth,Albania,2013,,,
ESTAT:TPS00208(1.0),04/07/25 23:00:00,Annual,Year,Males,Life expectancy in absolute value at birth,Albania,2014,,,
ESTAT:TPS00208(1.0),04/07/25 23:00:00,Annual,Year,Males,Life expectancy in absolute value at birth,Albania,2015,,,
ESTAT:TPS00208(1.0),04/07/25 23:00:00,Annual,Year,Males,Life expectancy in absolute value at birth,Albania,2016,,,
ESTAT:TPS00208(1.0),04/07/25 23:00:00,Annual,Year,Males,Life expectancy in absolute value at birth,Albania,2017,,,
ESTAT:TPS00208(1.0),04/07/25 23:00:00,Annual,Year,Males,Life expectancy in absolute value at birth,Albania,2018,,,
ESTAT:TPS00208(1.0),04/07/25 23:00:00,Annual,Year,Males,Life expectancy in absolute value at birth,Albania,2019,,,
ESTAT:TPS00208(1.0),04/07/25 23:00:00,Annual,Year,Males,Life expectancy in absolute value at birth,Albania,2020,,,
ESTAT:TPS00208(1.0),04/07/25 23:00:00,Annual,Year,Males,Life expectancy in absolute value at birth,Albania,2021,,,
ESTAT:TPS00208(1.0),04/07/25 23:00:00,Annual,Year,Males,Life expectancy in absolute value at birth,Albania,2022,,,
ESTAT:TPS00208(1.0),04/07/25 23:00:00,Annual,Year,Males,Life expectancy in absolute value at birth,Albania,2023,,,
ESTAT:TPS00208(1.0),04/07/25 23:00:00,Annual,Year,Males,Life expectancy in absolute value at birth,Austria,2012,78.4,,
ESTAT:TPS00208(1.0),04/07/25 23:00:00,Annual,Year,Males,Life expectancy in absolute value at birth,Austria,2013,78.6,,
ESTAT:TPS00208(1.0),04/07/25 23:00:00,Annual,Year,Males,Life expectancy in absolute value at birth,Austria,2014,79.1,,
ESTAT:TPS00208(1.0),04/07/25 23:00:00,Annual,Year,Males,Life expectancy in absolute value at birth,Austria,2015,78.8,,
ESTAT:TPS00208(1.0),04/07/25 23:00:00,Annual,Year,Males,Life expectancy in absolute value at birth,Austria,2016,79.3,,
ESTAT:TPS00208(1.0),04/07/25 23:00:00,Annual,Year,Males,Life expectancy in absolute value at birth,Austria,2017,79.4,,
ESTAT:TPS00208(1.0),04/07/25 23:00:00,Annual,Year,Males,Life expectancy in absolute value at birth,Austria,2018,79.4,,
ESTAT:TPS00208(1.0),04/07/25 23:00:00,Annual,Year,Males,Life expectancy in absolute value at birth,Austria,2019,79.7,,
ESTAT:TPS00208(1.0),04/07/25 23:00:00,Annual,Year,Males,Life expectancy in absolute value at birth,Austria,2020,78.9,,
ESTAT:TPS00208(1.0),04/07/25 23:00:00,Annual,Year,Males,Life expectancy in absolute value at birth,Austria,2021,78.8,,
ESTAT:TPS00208(1.0),04/07/25 23:00:00,Annual,Year,Males,Life expectancy in absolute value at birth,Austria,2022,79.1,,
ESTAT:TPS00208(1.0),04/07/25 23:00:00,Annual,Year,Males,Life expectancy in absolute value at birth,Austria,2023,79.5,,
ESTAT:TPS00208(1.0),04/07/25 23:00:00,Annual,Year,Males,Life expectancy in absolute value at birth,Belgium,2012,77.8,,
ESTAT:TPS00208(1.0),04/07/25 23:00:00,Annual,Year,Males,Life expectancy in absolute value at birth,Belgium,2013,78.1,,
ESTAT:TPS00208(1.0),04/07/25 23:00:00,Annual,Year,Males,Life expectancy in absolute value at birth,Belgium,2014,78.8,,
ESTAT:TPS00208(1.0),04/07/25 23:00:00,Annual,Year,Males,Life expectancy in absolute value at birth,Belgium,2015,78.7,,
ESTAT:TPS00208(1.0),04/07/25 23:00:00,Annual,Year,Males,Life expectancy in absolute value at birth,Belgium,2016,79.0,,
ESTAT:TPS00208(1.0),04/07/25 23:00:00,Annual,Year,Males,Life expectancy in absolute value at birth,Belgium,2017,79.2,,
ESTAT:TPS00208(1.0),04/07/25 23:00:00,Annual,Year,Males,Life expectancy in absolute value at birth,Belgium,2018,79.4,,
ESTAT:TPS00208(1.0),04/07/25 23:00:00,Annual,Year,Males,Life expectancy in absolute value at birth,Belgium,2019,79.8,,
ESTAT:TPS00208(1.0),04/07/25 23:00:00,Annual,Year,Males,Life expectancy in absolute value at birth,Belgium,2020,78.6,,
ESTAT:TPS00208(1.0),04/07/25 23:00:00,Annual,Year,Males,Life expectancy in absolute value at birth,Belgium,2021,79.4,,
ESTAT:TPS00208(1.0),04/07/25 23:00:00,Annual,Year,Males,Life expectancy in absolute value at birth,Belgium,2022,79.7,,
ESTAT:TPS00208(1.0),04/07/25 23:00:00,Annual,Year,Males,Life expectancy in absolute value at birth,Belgium,2023,80.4,,
ESTAT:TPS00208(1.0),04/07/25 23:00:00,Annual,Year,Males,Life expectancy in absolute value at birth,Bulgaria,2012,70.9,,
ESTAT:TPS00208(1.0),04/07/25 23:00:00,Annual,Year,Males,Life expectancy in absolute value at birth,Bulgaria,2013,71.3,,
ESTAT:TPS00208(1.0),04/07/25 23:00:00,Annual,Year,Males,Life expectancy in absolute value at birth,Bulgaria,2014,71.1,,
ESTAT:TPS00208(1.0),04/07/25 23:00:00,Annual,Year,Males,Life expectancy in absolute value at birth,Bulgaria,2015,71.2,,
ESTAT:TPS00208(1.0),04/07/25 23:00:00,Annual,Year,Males,Life expectancy in absolute value at birth,Bulgaria,2016,71.3,,
ESTAT:TPS00208(1.0),04/07/25 23:00:00,Annual,Year,Males,Life expectancy in absolute value at birth,Bulgaria,2017,71.4,,
ESTAT:TPS00208(1.0),04/07/25 23:00:00,Annual,Year,Males,Life expectancy in absolute value at birth,Bulgaria,2018,71.5,,
ESTAT:TPS00208(1.0),04/07/25 23:00:00,Annual,Year,Males,Life expectancy in absolute value at birth,Bulgaria,2019,71.6,,
ESTAT:TPS00208(1.0),04/07/25 23:00:00,Annual,Year,Males,Life expectancy in absolute value at birth,Bulgaria,2020,70.0,,
ESTAT:TPS00208(1.0),04/07/25 23:00:00,Annual,Year,Males,Life expectancy in absolute value at birth,Bulgaria,2021,68,,
ESTAT:TPS00208(1.0),04/07/25 23:00:00,Annual,Year,Males,Life expectancy in absolute value at birth,Bulgaria,2022,70.6,,
ESTAT:TPS00208(1.0),04/07/25 23:00:00,Annual,Year,Males,Life expectancy in absolute value at birth,Bulgaria,2023,72.0,,
ESTAT:TPS00208(1.0),04/07/25 23:00:00,Annual,Year,Males,Life expectancy in absolute value at birth,Switzerland,2012,80.6,,
ESTAT:TPS00208(1.0),04/07/25 23:00:00,Annual,Year,Males,Life expectancy in absolute value at birth,Switzerland,2013,80.7,,
ESTAT:TPS00208(1.0),04/07/25 23:00:00,Annual,Year,Males,Life expectancy in absolute value at birth,Switzerland,2014,81.1,,
ESTAT:TPS00208(1.0),04/07/25 23:00:00,Annual,Year,Males,Life expectancy in absolute value at birth,Switzerland,2015,80.8,,
ESTAT:TPS00208(1.0),04/07/25 23:00:00,Annual,Year,Males,Life expectancy in absolute value at birth,Switzerland,2016,81.7,,
ESTAT:TPS00208(1.0),04/07/25 23:00:00,Annual,Year,Males,Life expectancy in absolute value at birth,Switzerland,2017,81.6,,
ESTAT:TPS00208(1.0),04/07/25 23:00:00,Annual,Year,Males,Life expectancy in absolute value at birth,Switzerland,2018,81.9,,
ESTAT:TPS00208(1.0),04/07/25 23:00:00,Annual,Year,Males,Life expectancy in absolute value at birth,Switzerland,2019,82.1,,
ESTAT:TPS00208(1.0),04/07/25 23:00:00,Annual,Year,Males,Life expectancy in absolute value at birth,Switzerland,2020,81.0,,
ESTAT:TPS00208(1.0),04/07/25 23:00:00,Annual,Year,Males,Life expectancy in absolute value at birth,Switzerland,2021,81.8,,
ESTAT:TPS00208(1.0),04/07/25 23:00:00,Annual,Year,Males,Life expectancy in absolute value at birth,Switzerland,2022,81.8,,
ESTAT:TPS00208(1.0),04/07/25 23:00:00,Annual,Year,Males,Life expectancy in absolute value at birth,Switzerland,2023,82.4,,
ESTAT:TPS00208(1.0),04/07/25 23:00:00,Annual,Year,Males,Life expectancy in absolute value at birth,Cyprus,2012,78.9,,
ESTAT:TPS00208(1.0),04/07/25 23:00:00,Annual,Year,Males,Life expectancy in absolute value at birth,Cyprus,2013,80.1,,
ESTAT:TPS00208(1.0),04/07/25 23:00:00,Annual,Year,Males,Life expectancy in absolute value at birth,Cyprus,2014,80.3,,
ESTAT:TPS00208(1.0),04/07/25 23:00:00,Annual,Year,Males,Life expectancy in absolute value at birth,Cyprus,2015,79.9,,
ESTAT:TPS00208(1.0),04/07/25 23:00:00,Annual,Year,Males,Life expectancy in absolute value at birth,Cyprus,2016,80.5,,
ESTAT:TPS00208(1.0),04/07/25 23:00:00,Annual,Year,Males,Life expectancy in absolute value at birth,Cyprus,2017,80.2,,
ESTAT:TPS00208(1.0),04/07/25 23:00:00,Annual,Year,Males,Life expectancy in absolute value at birth,Cyprus,2018,80.9,,
ESTAT:TPS00208(1.0),04/07/25 23:00:00,Annual,Year,Males,Life expectancy in absolute value at birth,Cyprus,2019,80.3,,
ESTAT:TPS00208(1.0),04/07/25 23:00:00,Annual,Year,Males,Life expectancy in absolute value at birth,Cyprus,2020,80.4,,
ESTAT:TPS00208(1.0),04/07/25 23:00:00,Annual,Year,Males,Life expectancy in absolute value at birth,Cyprus,2021,79.2,,
ESTAT:TPS00208(1.0),04/07/25 23:00:00,Annual,Year,Males,Life expectancy in absolute value at birth,Cyprus,2022,79.7,,
ESTAT:TPS00208(1.0),04/07/25 23:00:00,Annual,Year,Males,Life expectancy in absolute value at birth,Cyprus,2023,81.3,,
ESTAT:TPS00208(1.0),04/07/25 23:00:00,Annual,Year,Males,Life expectancy in absolute value at birth,Czechia,2012,75.1,,
ESTAT:TPS00208(1.0),04/07/25 23:00:00,Annual,Year,Males,Life expectancy in absolute value at birth,Czechia,2013,75.2,,
ESTAT:TPS00208(1.0),04/07/25 23:00:00,Annual,Year,Males,Life expectancy in absolute value at birth,Czechia,2014,75.8,,
ESTAT:TPS00208(1.0),04/07/25 23:00:00,Annual,Year,Males,Life expectancy in absolute value at birth,Czechia,2015,75.7,,
ESTAT:TPS00208(1.0),04/07/25 23:00:00,Annual,Year,Males,Life expectancy in absolute value at birth,Czechia,2016,76.1,,
ESTAT:TPS00208(1.0),04/07/25 23:00:00,Annual,Year,Males,Life expectancy in absolute value at birth,Czechia,2017,76.1,,
ESTAT:TPS00208(1.0),04/07/25 23:00:00,Annual,Year,Males,Life expectancy in absolute value at birth,Czechia,2018,76.2,,
ESTAT:TPS00208(1.0),04/07/25 23:00:00,Annual,Year,Males,Life expectancy in absolute value at birth,Czechia,2019,76.4,,
ESTAT:TPS00208(1.0),04/07/25 23:00:00,Annual,Year,Males,Life expectancy in absolute value at birth,Czechia,2020,75.3,,
ESTAT:TPS00208(1.0),04/07/25 23:00:00,Annual,Year,Males,Life expectancy in absolute value at birth,Czechia,2021,74.1,,
ESTAT:TPS00208(1.0),04/07/25 23:00:00,Annual,Year,Males,Life expectancy in absolute value at birth,Czechia,2022,76.1,,
ESTAT:TPS00208(1.0),04/07/25 23:00:00,Annual,Year,Males,Life expectancy in absolute value at birth,Czechia,2023,76.9,,
ESTAT:TPS00208(1.0),04/07/25 23:00:00,Annual,Year,Males,Life expectancy in absolute value at birth,Germany,2012,78.1,,
ESTAT:TPS00208(1.0),04/07/25 23:00:00,Annual,Year,Males,Life expectancy in absolute value at birth,Germany,2013,78.1,,
ESTAT:TPS00208(1.0),04/07/25 23:00:00,Annual,Year,Males,Life expectancy in absolute value at birth,Germany,2014,78.7,,
ESTAT:TPS00208(1.0),04/07/25 23:00:00,Annual,Year,Males,Life expectancy in absolute value at birth,Germany,2015,78.3,,
ESTAT:TPS00208(1.0),04/07/25 23:00:00,Annual,Year,Males,Life expectancy in absolute value at birth,Germany,2016,78.6,,
ESTAT:TPS00208(1.0),04/07/25 23:00:00,Annual,Year,Males,Life expectancy in absolute value at birth,Germany,2017,78.7,,
ESTAT:TPS00208(1.0),04/07/25 23:00:00,Annual,Year,Males,Life expectancy in absolute value at birth,Germany,2018,78.6,,
ESTAT:TPS00208(1.0),04/07/25 23:00:00,Annual,Year,Males,Life expectancy in absolute value at birth,Germany,2019,79.0,,
ESTAT:TPS00208(1.0),04/07/25 23:00:00,Annual,Year,Males,Life expectancy in absolute value at birth,Germany,2020,78.7,,
ESTAT:TPS00208(1.0),04/07/25 23:00:00,Annual,Year,Males,Life expectancy in absolute value at birth,Germany,2021,78.4,,
ESTAT:TPS00208(1.0),04/07/25 23:00:00,Annual,Year,Males,Life expectancy in absolute value at birth,Germany,2022,78.3,,
ESTAT:TPS00208(1.0),04/07/25 23:00:00,Annual,Year,Males,Life expectancy in absolute value at birth,Germany,2023,78.7,b,
ESTAT:TPS00208(1.0),04/07/25 23:00:00,Annual,Year,Males,Life expectancy in absolute value at birth,Denmark,2012,78.1,,
ESTAT:TPS00208(1.0),04/07/25 23:00:00,Annual,Year,Males,Life expectancy in absolute value at birth,Denmark,2013,78.3,,
ESTAT:TPS00208(1.0),04/07/25 23:00:00,Annual,Year,Males,Life expectancy in absolute value at birth,Denmark,2014,78.7,,
ESTAT:TPS00208(1.0),04/07/25 23:00:00,Annual,Year,Males,Life expectancy in absolute value at birth,Denmark,2015,78.8,,
ESTAT:TPS00208(1.0),04/07/25 23:00:00,Annual,Year,Males,Life expectancy in absolute value at birth,Denmark,2016,79.0,,
ESTAT:TPS00208(1.0),04/07/25 23:00:00,Annual,Year,Males,Life expectancy in absolute value at birth,Denmark,2017,79.2,,
ESTAT:TPS00208(1.0),04/07/25 23:00:00,Annual,Year,Males,Life expectancy in absolute value at birth,Denmark,2018,79.1,,
ESTAT:TPS00208(1.0),04/07/25 23:00:00,Annual,Year,Males,Life expectancy in absolute value at birth,Denmark,2019,79.5,,
ESTAT:TPS00208(1.0),04/07/25 23:00:00,Annual,Year,Males,Life expectancy in absolute value at birth,Denmark,2020,79.7,,
ESTAT:TPS00208(1.0),04/07/25 23:00:00,Annual,Year,Males,Life expectancy in absolute value at birth,Denmark,2021,79.6,,
ESTAT:TPS00208(1.0),04/07/25 23:00:00,Annual,Year,Males,Life expectancy in absolute value at birth,Denmark,2022,79.5,,
ESTAT:TPS00208(1.0),04/07/25 23:00:00,Annual,Year,Males,Life expectancy in absolute value at birth,Denmark,2023,79.9,,
ESTAT:TPS00208(1.0),04/07/25 23:00:00,Annual,Year,Males,Life expectancy in absolute value at birth,Euro area - 19 countries  (2015-2022),2012,,,
ESTAT:TPS00208(1.0),04/07/25 23:00:00,Annual,Year,Males,Life expectancy in absolute value at birth,Euro area - 19 countries  (2015-2022),2013,,,
ESTAT:TPS00208(1.0),04/07/25 23:00:00,Annual,Year,Males,Life expectancy in absolute value at birth,Euro area - 19 countries  (2015-2022),2014,,,
ESTAT:TPS00208(1.0),04/07/25 23:00:00,Annual,Year,Males,Life expectancy in absolute value at birth,Euro area - 19 countries  (2015-2022),2015,,,
ESTAT:TPS00208(1.0),04/07/25 23:00:00,Annual,Year,Males,Life expectancy in absolute value at birth,Euro area - 19 countries  (2015-2022),2016,,,
ESTAT:TPS00208(1.0),04/07/25 23:00:00,Annual,Year,Males,Life expectancy in absolute value at birth,Euro area - 19 countries  (2015-2022),2017,,,
ESTAT:TPS00208(1.0),04/07/25 23:00:00,Annual,Year,Males,Life expectancy in absolute value at birth,Euro area - 19 countries  (2015-2022),2018,,,
ESTAT:TPS00208(1.0),04/07/25 23:00:00,Annual,Year,Males,Life expectancy in absolute value at birth,Euro area - 19 countries  (2015-2022),2019,,,
ESTAT:TPS00208(1.0),04/07/25 23:00:00,Annual,Year,Males,Life expectancy in absolute value at birth,Euro area - 19 countries  (2015-2022),2020,,,
ESTAT:TPS00208(1.0),04/07/25 23:00:00,Annual,Year,Males,Life expectancy in absolute value at birth,Euro area - 19 countries  (2015-2022),2021,,,
ESTAT:TPS00208(1.0),04/07/25 23:00:00,Annual,Year,Males,Life expectancy in absolute value at birth,Euro area - 19 countries  (2015-2022),2022,,,
ESTAT:TPS00208(1.0),04/07/25 23:00:00,Annual,Year,Males,Life expectancy in absolute value at birth,Euro area - 19 countries  (2015-2022),2023,,,
ESTAT:TPS00208(1.0),04/07/25 23:00:00,Annual,Year,Males,Life expectancy in absolute value at birth,Euro area – 20 countries (from 2023),2012,,,
ESTAT:TPS00208(1.0),04/07/25 23:00:00,Annual,Year,Males,Life expectancy in absolute value at birth,Euro area – 20 countries (from 2023),2013,,,
ESTAT:TPS00208(1.0),04/07/25 23:00:00,Annual,Year,Males,Life expectancy in absolute value at birth,Euro area – 20 countries (from 2023),2014,,,
ESTAT:TPS00208(1.0),04/07/25 23:00:00,Annual,Year,Males,Life expectancy in absolute value at birth,Euro area – 20 countries (from 2023),2015,,,
ESTAT:TPS00208(1.0),04/07/25 23:00:00,Annual,Year,Males,Life expectancy in absolute value at birth,Euro area – 20 countries (from 2023),2016,,,
ESTAT:TPS00208(1.0),04/07/25 23:00:00,Annual,Year,Males,Life expectancy in absolute value at birth,Euro area – 20 countries (from 2023),2017,,,
ESTAT:TPS00208(1.0),04/07/25 23:00:00,Annual,Year,Males,Life expectancy in absolute value at birth,Euro area – 20 countries (from 2023),2018,,,
ESTAT:TPS00208(1.0),04/07/25 23:00:00,Annual,Year,Males,Life expectancy in absolute value at birth,Euro area – 20 countries (from 2023),2019,,,
ESTAT:TPS00208(1.0),04/07/25 23:00:00,Annual,Year,Males,Life expectancy in absolute value at birth,Euro area – 20 countries (from 2023),2020,,,
ESTAT:TPS00208(1.0),04/07/25 23:00:00,Annual,Year,Males,Life expectancy in absolute value at birth,Euro area – 20 countries (from 2023),2021,,,
ESTAT:TPS00208(1.0),04/07/25 23:00:00,Annual,Year,Males,Life expectancy in absolute value at birth,Euro area – 20 countries (from 2023),2022,,,
ESTAT:TPS00208(1.0),04/07/25 23:00:00,Annual,Year,Males,Life expectancy in absolute value at birth,Euro area – 20 countries (from 2023),2023,,,
ESTAT:TPS00208(1.0),04/07/25 23:00:00,Annual,Year,Males,Life expectancy in absolute value at birth,Estonia,2012,71.4,,
ESTAT:TPS00208(1.0),04/07/25 23:00:00,Annual,Year,Males,Life expectancy in absolute value at birth,Estonia,2013,72.8,,
ESTAT:TPS00208(1.0),04/07/25 23:00:00,Annual,Year,Males,Life expectancy in absolute value at birth,Estonia,2014,72.4,,
ESTAT:TPS00208(1.0),04/07/25 23:00:00,Annual,Year,Males,Life expectancy in absolute value at birth,Estonia,2015,73.2,,
ESTAT:TPS00208(1.0),04/07/25 23:00:00,Annual,Year,Males,Life expectancy in absolute value at birth,Estonia,2016,73.3,,
ESTAT:TPS00208(1.0),04/07/25 23:00:00,Annual,Year,Males,Life expectancy in absolute value at birth,Estonia,2017,73.8,,
ESTAT:TPS00208(1.0),04/07/25 23:00:00,Annual,Year,Males,Life expectancy in absolute value at birth,Estonia,2018,74.0,,
ESTAT:TPS00208(1.0),04/07/25 23:00:00,Annual,Year,Males,Life expectancy in absolute value at birth,Estonia,2019,74.5,,
ESTAT:TPS00208(1.0),04/07/25 23:00:00,Annual,Year,Males,Life expectancy in absolute value at birth,Estonia,2020,74.4,,
ESTAT:TPS00208(1.0),04/07/25 23:00:00,Annual,Year,Males,Life expectancy in absolute value at birth,Estonia,2021,72.7,,
ESTAT:TPS00208(1.0),04/07/25 23:00:00,Annual,Year,Males,Life expectancy in absolute value at birth,Estonia,2022,73.6,,
ESTAT:TPS00208(1.0),04/07/25 23:00:00,Annual,Year,Males,Life expectancy in absolute value at birth,Estonia,2023,74.5,,
ESTAT:TPS00208(1.0),04/07/25 23:00:00,Annual,Year,Males,Life expectancy in absolute value at birth,Greece,2012,78.0,,
ESTAT:TPS00208(1.0),04/07/25 23:00:00,Annual,Year,Males,Life expectancy in absolute value at birth,Greece,2013,78.7,,
ESTAT:TPS00208(1.0),04/07/25 23:00:00,Annual,Year,Males,Life expectancy in absolute value at birth,Greece,2014,78.8,,
ESTAT:TPS00208(1.0),04/07/25 23:00:00,Annual,Year,Males,Life expectancy in absolute value at birth,Greece,2015,78.5,,
ESTAT:TPS00208(1.0),04/07/25 23:00:00,Annual,Year,Males,Life expectancy in absolute value at birth,Greece,2016,78.9,,
ESTAT:TPS00208(1.0),04/07/25 23:00:00,Annual,Year,Males,Life expectancy in absolute value at birth,Greece,2017,78.8,,
ESTAT:TPS00208(1.0),04/07/25 23:00:00,Annual,Year,Males,Life expectancy in absolute value at birth,Greece,2018,79.3,,
ESTAT:TPS00208(1.0),04/07/25 23:00:00,Annual,Year,Males,Life expectancy in absolute value at birth,Greece,2019,79.2,,
ESTAT:TPS00208(1.0),04/07/25 23:00:00,Annual,Year,Males,Life expectancy in absolute value at birth,Greece,2020,78.8,,
ESTAT:TPS00208(1.0),04/07/25 23:00:00,Annual,Year,Males,Life expectancy in absolute value at birth,Greece,2021,77.4,,
ESTAT:TPS00208(1.0),04/07/25 23:00:00,Annual,Year,Males,Life expectancy in absolute value at birth,Greece,2022,78.3,,
ESTAT:TPS00208(1.0),04/07/25 23:00:00,Annual,Year,Males,Life expectancy in absolute value at birth,Greece,2023,79.2,,
ESTAT:TPS00208(1.0),04/07/25 23:00:00,Annual,Year,Males,Life expectancy in absolute value at birth,Spain,2012,79.5,,
ESTAT:TPS00208(1.0),04/07/25 23:00:00,Annual,Year,Males,Life expectancy in absolute value at birth,Spain,2013,80.2,,
ESTAT:TPS00208(1.0),04/07/25 23:00:00,Annual,Year,Males,Life expectancy in absolute value at birth,Spain,2014,80.4,,
ESTAT:TPS00208(1.0),04/07/25 23:00:00,Annual,Year,Males,Life expectancy in absolute value at birth,Spain,2015,80.1,,
ESTAT:TPS00208(1.0),04/07/25 23:00:00,Annual,Year,Males,Life expectancy in absolute value at birth,Spain,2016,80.5,,
ESTAT:TPS00208(1.0),04/07/25 23:00:00,Annual,Year,Males,Life expectancy in absolute value at birth,Spain,2017,80.6,,
ESTAT:TPS00208(1.0),04/07/25 23:00:00,Annual,Year,Males,Life expectancy in absolute value at birth,Spain,2018,80.7,,
ESTAT:TPS00208(1.0),04/07/25 23:00:00,Annual,Year,Males,Life expectancy in absolute value at birth,Spain,2019,81.1,,
ESTAT:TPS00208(1.0),04/07/25 23:00:00,Annual,Year,Males,Life expectancy in absolute value at birth,Spain,2020,79.6,,
ESTAT:TPS00208(1.0),04/07/25 23:00:00,Annual,Year,Males,Life expectancy in absolute value at birth,Spain,2021,80.4,,
ESTAT:TPS00208(1.0),04/07/25 23:00:00,Annual,Year,Males,Life expectancy in absolute value at birth,Spain,2022,80.5,,
ESTAT:TPS00208(1.0),04/07/25 23:00:00,Annual,Year,Males,Life expectancy in absolute value at birth,Spain,2023,81.3,,
ESTAT:TPS00208(1.0),04/07/25 23:00:00,Annual,Year,Males,Life expectancy in absolute value at birth,European Union - 27 countries (from 2020),2012,77.1,,
ESTAT:TPS00208(1.0),04/07/25 23:00:00,Annual,Year,Males,Life expectancy in absolute value at birth,European Union - 27 countries (from 2020),2013,77.5,,
ESTAT:TPS00208(1.0),04/07/25 23:00:00,Annual,Year,Males,Life expectancy in absolute value at birth,European Union - 27 countries (from 2020),2014,77.9,,
ESTAT:TPS00208(1.0),04/07/25 23:00:00,Annual,Year,Males,Life expectancy in absolute value at birth,European Union - 27 countries (from 2020),2015,77.7,,
ESTAT:TPS00208(1.0),04/07/25 23:00:00,Annual,Year,Males,Life expectancy in absolute value at birth,European Union - 27 countries (from 2020),2016,78.0,,
ESTAT:TPS00208(1.0),04/07/25 23:00:00,Annual,Year,Males,Life expectancy in absolute value at birth,European Union - 27 countries (from 2020),2017,78.1,,
ESTAT:TPS00208(1.0),04/07/25 23:00:00,Annual,Year,Males,Life expectancy in absolute value at birth,European Union - 27 countries (from 2020),2018,78.2,,
ESTAT:TPS00208(1.0),04/07/25 23:00:00,Annual,Year,Males,Life expectancy in absolute value at birth,European Union - 27 countries (from 2020),2019,78.5,,
ESTAT:TPS00208(1.0),04/07/25 23:00:00,Annual,Year,Males,Life expectancy in absolute value at birth,European Union - 27 countries (from 2020),2020,77.5,,
ESTAT:TPS00208(1.0),04/07/25 23:00:00,Annual,Year,Males,Life expectancy in absolute value at birth,European Union - 27 countries (from 2020),2021,77.2,,
ESTAT:TPS00208(1.0),04/07/25 23:00:00,Annual,Year,Males,Life expectancy in absolute value at birth,European Union - 27 countries (from 2020),2022,77.9,,
ESTAT:TPS00208(1.0),04/07/25 23:00:00,Annual,Year,Males,Life expectancy in absolute value at birth,European Union - 27 countries (from 2020),2023,78.7,bep,
ESTAT:TPS00208(1.0),04/07/25 23:00:00,Annual,Year,Males,Life expectancy in absolute value at birth,Finland,2012,77.7,,
ESTAT:TPS00208(1.0),04/07/25 23:00:00,Annual,Year,Males,Life expectancy in absolute value at birth,Finland,2013,,,
ESTAT:TPS00208(1.0),04/07/25 23:00:00,Annual,Year,Males,Life expectancy in absolute value at birth,Finland,2014,78.4,,
ESTAT:TPS00208(1.0),04/07/25 23:00:00,Annual,Year,Males,Life expectancy in absolute value at birth,Finland,2015,78.7,,
ESTAT:TPS00208(1.0),04/07/25 23:00:00,Annual,Year,Males,Life expectancy in absolute value at birth,Finland,2016,78.6,,
ESTAT:TPS00208(1.0),04/07/25 23:00:00,Annual,Year,Males,Life expectancy in absolute value at birth,Finland,2017,78.9,,
ESTAT:TPS00208(1.0),04/07/25 23:00:00,Annual,Year,Males,Life expectancy in absolute value at birth,Finland,2018,79.1,,
ESTAT:TPS00208(1.0),04/07/25 23:00:00,Annual,Year,Males,Life expectancy in absolute value at birth,Finland,2019,79.3,,
ESTAT:TPS00208(1.0),04/07/25 23:00:00,Annual,Year,Males,Life expectancy in absolute value at birth,Finland,2020,79.2,,
ESTAT:TPS00208(1.0),04/07/25 23:00:00,Annual,Year,Males,Life expectancy in absolute value at birth,Finland,2021,79.3,,
ESTAT:TPS00208(1.0),04/07/25 23:00:00,Annual,Year,Males,Life expectancy in absolute value at birth,Finland,2022,78.7,,
ESTAT:TPS00208(1.0),04/07/25 23:00:00,Annual,Year,Males,Life expectancy in absolute value at birth,Finland,2023,79.0,,
ESTAT:TPS00208(1.0),04/07/25 23:00:00,Annual,Year,Males,Life expectancy in absolute value at birth,France,2012,78.7,,
ESTAT:TPS00208(1.0),04/07/25 23:00:00,Annual,Year,Males,Life expectancy in absolute value at birth,France,2013,79.0,,
ESTAT:TPS00208(1.0),04/07/25 23:00:00,Annual,Year,Males,Life expectancy in absolute value at birth,France,2014,79.5,,
ESTAT:TPS00208(1.0),04/07/25 23:00:00,Annual,Year,Males,Life expectancy in absolute value at birth,France,2015,79.2,,
ESTAT:TPS00208(1.0),04/07/25 23:00:00,Annual,Year,Males,Life expectancy in absolute value at birth,France,2016,79.5,,
ESTAT:TPS00208(1.0),04/07/25 23:00:00,Annual,Year,Males,Life expectancy in absolute value at birth,France,2017,79.6,,
ESTAT:TPS00208(1.0),04/07/25 23:00:00,Annual,Year,Males,Life expectancy in absolute value at birth,France,2018,79.7,,
ESTAT:TPS00208(1.0),04/07/25 23:00:00,Annual,Year,Males,Life expectancy in absolute value at birth,France,2019,79.9,,
ESTAT:TPS00208(1.0),04/07/25 23:00:00,Annual,Year,Males,Life expectancy in absolute value at birth,France,2020,79.2,,
ESTAT:TPS00208(1.0),04/07/25 23:00:00,Annual,Year,Males,Life expectancy in absolute value at birth,France,2021,79.3,,
ESTAT:TPS00208(1.0),04/07/25 23:00:00,Annual,Year,Males,Life expectancy in absolute value at birth,France,2022,79.3,,
ESTAT:TPS00208(1.0),04/07/25 23:00:00,Annual,Year,Males,Life expectancy in absolute value at birth,France,2023,80.1,p,
ESTAT:TPS00208(1.0),04/07/25 23:00:00,Annual,Year,Males,Life expectancy in absolute value at birth,Croatia,2012,73.9,,
ESTAT:TPS00208(1.0),04/07/25 23:00:00,Annual,Year,Males,Life expectancy in absolute value at birth,Croatia,2013,74.5,,
ESTAT:TPS00208(1.0),04/07/25 23:00:00,Annual,Year,Males,Life expectancy in absolute value at birth,Croatia,2014,74.7,,
ESTAT:TPS00208(1.0),04/07/25 23:00:00,Annual,Year,Males,Life expectancy in absolute value at birth,Croatia,2015,74.4,,
ESTAT:TPS00208(1.0),04/07/25 23:00:00,Annual,Year,Males,Life expectancy in absolute value at birth,Croatia,2016,75.0,,
ESTAT:TPS00208(1.0),04/07/25 23:00:00,Annual,Year,Males,Life expectancy in absolute value at birth,Croatia,2017,74.9,,
ESTAT:TPS00208(1.0),04/07/25 23:00:00,Annual,Year,Males,Life expectancy in absolute value at birth,Croatia,2018,74.9,,
ESTAT:TPS00208(1.0),04/07/25 23:00:00,Annual,Year,Males,Life expectancy in absolute value at birth,Croatia,2019,75.5,,
ESTAT:TPS00208(1.0),04/07/25 23:00:00,Annual,Year,Males,Life expectancy in absolute value at birth,Croatia,2020,74.7,,
ESTAT:TPS00208(1.0),04/07/25 23:00:00,Annual,Year,Males,Life expectancy in absolute value at birth,Croatia,2021,73.6,,
ESTAT:TPS00208(1.0),04/07/25 23:00:00,Annual,Year,Males,Life expectancy in absolute value at birth,Croatia,2022,74.6,,
ESTAT:TPS00208(1.0),04/07/25 23:00:00,Annual,Year,Males,Life expectancy in absolute value at birth,Croatia,2023,75.5,,
ESTAT:TPS00208(1.0),04/07/25 23:00:00,Annual,Year,Males,Life expectancy in absolute value at birth,Hungary,2012,71.6,,
ESTAT:TPS00208(1.0),04/07/25 23:00:00,Annual,Year,Males,Life expectancy in absolute value at birth,Hungary,2013,72.2,,
ESTAT:TPS00208(1.0),04/07/25 23:00:00,Annual,Year,Males,Life expectancy in absolute value at birth,Hungary,2014,72.3,,
ESTAT:TPS00208(1.0),04/07/25 23:00:00,Annual,Year,Males,Life expectancy in absolute value at birth,Hungary,2015,72.3,,
ESTAT:TPS00208(1.0),04/07/25 23:00:00,Annual,Year,Males,Life expectancy in absolute value at birth,Hungary,2016,72.6,,
ESTAT:TPS00208(1.0),04/07/25 23:00:00,Annual,Year,Males,Life expectancy in absolute value at birth,Hungary,2017,72.5,,
ESTAT:TPS00208(1.0),04/07/25 23:00:00,Annual,Year,Males,Life expectancy in absolute value at birth,Hungary,2018,72.7,,
ESTAT:TPS00208(1.0),04/07/25 23:00:00,Annual,Year,Males,Life expectancy in absolute value at birth,Hungary,2019,73.1,,
ESTAT:TPS00208(1.0),04/07/25 23:00:00,Annual,Year,Males,Life expectancy in absolute value at birth,Hungary,2020,72.3,,
ESTAT:TPS00208(1.0),04/07/25 23:00:00,Annual,Year,Males,Life expectancy in absolute value at birth,Hungary,2021,70.7,,
ESTAT:TPS00208(1.0),04/07/25 23:00:00,Annual,Year,Males,Life expectancy in absolute value at birth,Hungary,2022,72.6,,
ESTAT:TPS00208(1.0),04/07/25 23:00:00,Annual,Year,Males,Life expectancy in absolute value at birth,Hungary,2023,73.4,,
ESTAT:TPS00208(1.0),04/07/25 23:00:00,Annual,Year,Males,Life expectancy in absolute value at birth,Ireland,2012,78.7,,
ESTAT:TPS00208(1.0),04/07/25 23:00:00,Annual,Year,Males,Life expectancy in absolute value at birth,Ireland,2013,78.9,,
ESTAT:TPS00208(1.0),04/07/25 23:00:00,Annual,Year,Males,Life expectancy in absolute value at birth,Ireland,2014,79.3,,
ESTAT:TPS00208(1.0),04/07/25 23:00:00,Annual,Year,Males,Life expectancy in absolute value at birth,Ireland,2015,79.6,,
ESTAT:TPS00208(1.0),04/07/25 23:00:00,Annual,Year,Males,Life expectancy in absolute value at birth,Ireland,2016,79.9,,
ESTAT:TPS00208(1.0),04/07/25 23:00:00,Annual,Year,Males,Life expectancy in absolute value at birth,Ireland,2017,80.4,,
ESTAT:TPS00208(1.0),04/07/25 23:00:00,Annual,Year,Males,Life expectancy in absolute value at birth,Ireland,2018,80.4,,
ESTAT:TPS00208(1.0),04/07/25 23:00:00,Annual,Year,Males,Life expectancy in absolute value at birth,Ireland,2019,80.8,,
ESTAT:TPS00208(1.0),04/07/25 23:00:00,Annual,Year,Males,Life expectancy in absolute value at birth,Ireland,2020,80.8,,
ESTAT:TPS00208(1.0),04/07/25 23:00:00,Annual,Year,Males,Life expectancy in absolute value at birth,Ireland,2021,80.5,,
ESTAT:TPS00208(1.0),04/07/25 23:00:00,Annual,Year,Males,Life expectancy in absolute value at birth,Ireland,2022,80.9,,
ESTAT:TPS00208(1.0),04/07/25 23:00:00,Annual,Year,Males,Life expectancy in absolute value at birth,Ireland,2023,81.1,,
ESTAT:TPS00208(1.0),04/07/25 23:00:00,Annual,Year,Males,Life expectancy in absolute value at birth,Iceland,2012,81.6,,
ESTAT:TPS00208(1.0),04/07/25 23:00:00,Annual,Year,Males,Life expectancy in absolute value at birth,Iceland,2013,80.5,,
ESTAT:TPS00208(1.0),04/07/25 23:00:00,Annual,Year,Males,Life expectancy in absolute value at birth,Iceland,2014,81.3,,
ESTAT:TPS00208(1.0),04/07/25 23:00:00,Annual,Year,Males,Life expectancy in absolute value at birth,Iceland,2015,81.2,,
ESTAT:TPS00208(1.0),04/07/25 23:00:00,Annual,Year,Males,Life expectancy in absolute value at birth,Iceland,2016,80.4,,
ESTAT:TPS00208(1.0),04/07/25 23:00:00,Annual,Year,Males,Life expectancy in absolute value at birth,Iceland,2017,81.1,,
ESTAT:TPS00208(1.0),04/07/25 23:00:00,Annual,Year,Males,Life expectancy in absolute value at birth,Iceland,2018,81.3,,
ESTAT:TPS00208(1.0),04/07/25 23:00:00,Annual,Year,Males,Life expectancy in absolute value at birth,Iceland,2019,81.7,,
ESTAT:TPS00208(1.0),04/07/25 23:00:00,Annual,Year,Males,Life expectancy in absolute value at birth,Iceland,2020,81.6,,
ESTAT:TPS00208(1.0),04/07/25 23:00:00,Annual,Year,Males,Life expectancy in absolute value at birth,Iceland,2021,81.8,,
ESTAT:TPS00208(1.0),04/07/25 23:00:00,Annual,Year,Males,Life expectancy in absolute value at birth,Iceland,2022,80.9,,
ESTAT:TPS00208(1.0),04/07/25 23:00:00,Annual,Year,Males,Life expectancy in absolute value at birth,Iceland,2023,80.7,,
ESTAT:TPS00208(1.0),04/07/25 23:00:00,Annual,Year,Males,Life expectancy in absolute value at birth,Italy,2012,79.8,,
ESTAT:TPS00208(1.0),04/07/25 23:00:00,Annual,Year,Males,Life expectancy in absolute value at birth,Italy,2013,80.3,,
ESTAT:TPS00208(1.0),04/07/25 23:00:00,Annual,Year,Males,Life expectancy in absolute value at birth,Italy,2014,80.7,,
ESTAT:TPS00208(1.0),04/07/25 23:00:00,Annual,Year,Males,Life expectancy in absolute value at birth,Italy,2015,80.3,,
ESTAT:TPS00208(1.0),04/07/25 23:00:00,Annual,Year,Males,Life expectancy in absolute value at birth,Italy,2016,81.0,,
ESTAT:TPS00208(1.0),04/07/25 23:00:00,Annual,Year,Males,Life expectancy in absolute value at birth,Italy,2017,80.8,,
ESTAT:TPS00208(1.0),04/07/25 23:00:00,Annual,Year,Males,Life expectancy in absolute value at birth,Italy,2018,81.2,,
ESTAT:TPS00208(1.0),04/07/25 23:00:00,Annual,Year,Males,Life expectancy in absolute value at birth,Italy,2019,81.4,,
ESTAT:TPS00208(1.0),04/07/25 23:00:00,Annual,Year,Males,Life expectancy in absolute value at birth,Italy,2020,80.0,,
ESTAT:TPS00208(1.0),04/07/25 23:00:00,Annual,Year,Males,Life expectancy in absolute value at birth,Italy,2021,80.5,,
ESTAT:TPS00208(1.0),04/07/25 23:00:00,Annual,Year,Males,Life expectancy in absolute value at birth,Italy,2022,80.7,,
ESTAT:TPS00208(1.0),04/07/25 23:00:00,Annual,Year,Males,Life expectancy in absolute value at birth,Italy,2023,81.4,,
ESTAT:TPS00208(1.0),04/07/25 23:00:00,Annual,Year,Males,Life expectancy in absolute value at birth,Liechtenstein,2012,,,
ESTAT:TPS00208(1.0),04/07/25 23:00:00,Annual,Year,Males,Life expectancy in absolute value at birth,Liechtenstein,2013,,,
ESTAT:TPS00208(1.0),04/07/25 23:00:00,Annual,Year,Males,Life expectancy in absolute value at birth,Liechtenstein,2014,,,
ESTAT:TPS00208(1.0),04/07/25 23:00:00,Annual,Year,Males,Life expectancy in absolute value at birth,Liechtenstein,2015,,,
ESTAT:TPS00208(1.0),04/07/25 23:00:00,Annual,Year,Males,Life expectancy in absolute value at birth,Liechtenstein,2016,,,
ESTAT:TPS00208(1.0),04/07/25 23:00:00,Annual,Year,Males,Life expectancy in absolute value at birth,Liechtenstein,2017,,,
ESTAT:TPS00208(1.0),04/07/25 23:00:00,Annual,Year,Males,Life expectancy in absolute value at birth,Liechtenstein,2018,,,
ESTAT:TPS00208(1.0),04/07/25 23:00:00,Annual,Year,Males,Life expectancy in absolute value at birth,Liechtenstein,2019,,,
ESTAT:TPS00208(1.0),04/07/25 23:00:00,Annual,Year,Males,Life expectancy in absolute value at birth,Liechtenstein,2020,,,
ESTAT:TPS00208(1.0),04/07/25 23:00:00,Annual,Year,Males,Life expectancy in absolute value at birth,Liechtenstein,2021,,,
ESTAT:TPS00208(1.0),04/07/25 23:00:00,Annual,Year,Males,Life expectancy in absolute value at birth,Liechtenstein,2022,,,
ESTAT:TPS00208(1.0),04/07/25 23:00:00,Annual,Year,Males,Life expectancy in absolute value at birth,Liechtenstein,2023,,,
ESTAT:TPS00208(1.0),04/07/25 23:00:00,Annual,Year,Males,Life expectancy in absolute value at birth,Lithuania,2012,68.4,,
ESTAT:TPS00208(1.0),04/07/25 23:00:00,Annual,Year,Males,Life expectancy in absolute value at birth,Lithuania,2013,68.5,,
ESTAT:TPS00208(1.0),04/07/25 23:00:00,Annual,Year,Males,Life expectancy in absolute value at birth,Lithuania,2014,69.2,,
ESTAT:TPS00208(1.0),04/07/25 23:00:00,Annual,Year,Males,Life expectancy in absolute value at birth,Lithuania,2015,69.2,,
ESTAT:TPS00208(1.0),04/07/25 23:00:00,Annual,Year,Males,Life expectancy in absolute value at birth,Lithuania,2016,69.5,,
ESTAT:TPS00208(1.0),04/07/25 23:00:00,Annual,Year,Males,Life expectancy in absolute value at birth,Lithuania,2017,70.7,,
ESTAT:TPS00208(1.0),04/07/25 23:00:00,Annual,Year,Males,Life expectancy in absolute value at birth,Lithuania,2018,70.9,,
ESTAT:TPS00208(1.0),04/07/25 23:00:00,Annual,Year,Males,Life expectancy in absolute value at birth,Lithuania,2019,71.6,,
ESTAT:TPS00208(1.0),04/07/25 23:00:00,Annual,Year,Males,Life expectancy in absolute value at birth,Lithuania,2020,70.1,,
ESTAT:TPS00208(1.0),04/07/25 23:00:00,Annual,Year,Males,Life expectancy in absolute value at birth,Lithuania,2021,69.5,,
ESTAT:TPS00208(1.0),04/07/25 23:00:00,Annual,Year,Males,Life expectancy in absolute value at birth,Lithuania,2022,71.4,,
ESTAT:TPS00208(1.0),04/07/25 23:00:00,Annual,Year,Males,Life expectancy in absolute value at birth,Lithuania,2023,72.9,,
ESTAT:TPS00208(1.0),04/07/25 23:00:00,Annual,Year,Males,Life expectancy in absolute value at birth,Luxembourg,2012,79.1,,
ESTAT:TPS00208(1.0),04/07/25 23:00:00,Annual,Year,Males,Life expectancy in absolute value at birth,Luxembourg,2013,79.8,,
ESTAT:TPS00208(1.0),04/07/25 23:00:00,Annual,Year,Males,Life expectancy in absolute value at birth,Luxembourg,2014,79.4,,
ESTAT:TPS00208(1.0),04/07/25 23:00:00,Annual,Year,Males,Life expectancy in absolute value at birth,Luxembourg,2015,80.0,,
ESTAT:TPS00208(1.0),04/07/25 23:00:00,Annual,Year,Males,Life expectancy in absolute value at birth,Luxembourg,2016,80.1,,
ESTAT:TPS00208(1.0),04/07/25 23:00:00,Annual,Year,Males,Life expectancy in absolute value at birth,Luxembourg,2017,79.9,,
ESTAT:TPS00208(1.0),04/07/25 23:00:00,Annual,Year,Males,Life expectancy in absolute value at birth,Luxembourg,2018,80.1,,
ESTAT:TPS00208(1.0),04/07/25 23:00:00,Annual,Year,Males,Life expectancy in absolute value at birth,Luxembourg,2019,80.2,,
ESTAT:TPS00208(1.0),04/07/25 23:00:00,Annual,Year,Males,Life expectancy in absolute value at birth,Luxembourg,2020,79.9,,
ESTAT:TPS00208(1.0),04/07/25 23:00:00,Annual,Year,Males,Life expectancy in absolute value at birth,Luxembourg,2021,80.5,,
ESTAT:TPS00208(1.0),04/07/25 23:00:00,Annual,Year,Males,Life expectancy in absolute value at birth,Luxembourg,2022,80.8,,
ESTAT:TPS00208(1.0),04/07/25 23:00:00,Annual,Year,Males,Life expectancy in absolute value at birth,Luxembourg,2023,,,
ESTAT:TPS00208(1.0),04/07/25 23:00:00,Annual,Year,Males,Life expectancy in absolute value at birth,Latvia,2012,68.9,,
ESTAT:TPS00208(1.0),04/07/25 23:00:00,Annual,Year,Males,Life expectancy in absolute value at birth,Latvia,2013,69.3,,
ESTAT:TPS00208(1.0),04/07/25 23:00:00,Annual,Year,Males,Life expectancy in absolute value at birth,Latvia,2014,69.1,,
ESTAT:TPS00208(1.0),04/07/25 23:00:00,Annual,Year,Males,Life expectancy in absolute value at birth,Latvia,2015,69.7,,
ESTAT:TPS00208(1.0),04/07/25 23:00:00,Annual,Year,Males,Life expectancy in absolute value at birth,Latvia,2016,69.8,,
ESTAT:TPS00208(1.0),04/07/25 23:00:00,Annual,Year,Males,Life expectancy in absolute value at birth,Latvia,2017,69.8,,
ESTAT:TPS00208(1.0),04/07/25 23:00:00,Annual,Year,Males,Life expectancy in absolute value at birth,Latvia,2018,70.1,,
ESTAT:TPS00208(1.0),04/07/25 23:00:00,Annual,Year,Males,Life expectancy in absolute value at birth,Latvia,2019,70.9,,
ESTAT:TPS00208(1.0),04/07/25 23:00:00,Annual,Year,Males,Life expectancy in absolute value at birth,Latvia,2020,70.6,,
ESTAT:TPS00208(1.0),04/07/25 23:00:00,Annual,Year,Males,Life expectancy in absolute value at birth,Latvia,2021,68.2,,
ESTAT:TPS00208(1.0),04/07/25 23:00:00,Annual,Year,Males,Life expectancy in absolute value at birth,Latvia,2022,69.4,,
ESTAT:TPS00208(1.0),04/07/25 23:00:00,Annual,Year,Males,Life expectancy in absolute value at birth,Latvia,2023,70.5,,
ESTAT:TPS00208(1.0),04/07/25 23:00:00,Annual,Year,Males,Life expectancy in absolute value at birth,Montenegro,2012,,,
ESTAT:TPS00208(1.0),04/07/25 23:00:00,Annual,Year,Males,Life expectancy in absolute value at birth,Montenegro,2013,,,
ESTAT:TPS00208(1.0),04/07/25 23:00:00,Annual,Year,Males,Life expectancy in absolute value at birth,Montenegro,2014,,,
ESTAT:TPS00208(1.0),04/07/25 23:00:00,Annual,Year,Males,Life expectancy in absolute value at birth,Montenegro,2015,,,
ESTAT:TPS00208(1.0),04/07/25 23:00:00,Annual,Year,Males,Life expectancy in absolute value at birth,Montenegro,2016,,,
ESTAT:TPS00208(1.0),04/07/25 23:00:00,Annual,Year,Males,Life expectancy in absolute value at birth,Montenegro,2017,,,
ESTAT:TPS00208(1.0),04/07/25 23:00:00,Annual,Year,Males,Life expectancy in absolute value at birth,Montenegro,2018,,,
ESTAT:TPS00208(1.0),04/07/25 23:00:00,Annual,Year,Males,Life expectancy in absolute value at birth,Montenegro,2019,,,
ESTAT:TPS00208(1.0),04/07/25 23:00:00,Annual,Year,Males,Life expectancy in absolute value at birth,Montenegro,2020,,,
ESTAT:TPS00208(1.0),04/07/25 23:00:00,Annual,Year,Males,Life expectancy in absolute value at birth,Montenegro,2021,,,
ESTAT:TPS00208(1.0),04/07/25 23:00:00,Annual,Year,Males,Life expectancy in absolute value at birth,Montenegro,2022,,,
ESTAT:TPS00208(1.0),04/07/25 23:00:00,Annual,Year,Males,Life expectancy in absolute value at birth,Montenegro,2023,,,
ESTAT:TPS00208(1.0),04/07/25 23:00:00,Annual,Year,Males,Life expectancy in absolute value at birth,North Macedonia,2012,,,
ESTAT:TPS00208(1.0),04/07/25 23:00:00,Annual,Year,Males,Life expectancy in absolute value at birth,North Macedonia,2013,,,
ESTAT:TPS00208(1.0),04/07/25 23:00:00,Annual,Year,Males,Life expectancy in absolute value at birth,North Macedonia,2014,,,
ESTAT:TPS00208(1.0),04/07/25 23:00:00,Annual,Year,Males,Life expectancy in absolute value at birth,North Macedonia,2015,,,
ESTAT:TPS00208(1.0),04/07/25 23:00:00,Annual,Year,Males,Life expectancy in absolute value at birth,North Macedonia,2016,,,
ESTAT:TPS00208(1.0),04/07/25 23:00:00,Annual,Year,Males,Life expectancy in absolute value at birth,North Macedonia,2017,,,
ESTAT:TPS00208(1.0),04/07/25 23:00:00,Annual,Year,Males,Life expectancy in absolute value at birth,North Macedonia,2018,,,
ESTAT:TPS00208(1.0),04/07/25 23:00:00,Annual,Year,Males,Life expectancy in absolute value at birth,North Macedonia,2019,,,
ESTAT:TPS00208(1.0),04/07/25 23:00:00,Annual,Year,Males,Life expectancy in absolute value at birth,North Macedonia,2020,,,
ESTAT:TPS00208(1.0),04/07/25 23:00:00,Annual,Year,Males,Life expectancy in absolute value at birth,North Macedonia,2021,,,
ESTAT:TPS00208(1.0),04/07/25 23:00:00,Annual,Year,Males,Life expectancy in absolute value at birth,North Macedonia,2022,,,
ESTAT:TPS00208(1.0),04/07/25 23:00:00,Annual,Year,Males,Life expectancy in absolute value at birth,North Macedonia,2023,,,
ESTAT:TPS00208(1.0),04/07/25 23:00:00,Annual,Year,Males,Life expectancy in absolute value at birth,Malta,2012,78.6,,
ESTAT:TPS00208(1.0),04/07/25 23:00:00,Annual,Year,Males,Life expectancy in absolute value at birth,Malta,2013,79.6,,
ESTAT:TPS00208(1.0),04/07/25 23:00:00,Annual,Year,Males,Life expectancy in absolute value at birth,Malta,2014,79.9,,
ESTAT:TPS00208(1.0),04/07/25 23:00:00,Annual,Year,Males,Life expectancy in absolute value at birth,Malta,2015,79.8,,
ESTAT:TPS00208(1.0),04/07/25 23:00:00,Annual,Year,Males,Life expectancy in absolute value at birth,Malta,2016,80.6,,
ESTAT:TPS00208(1.0),04/07/25 23:00:00,Annual,Year,Males,Life expectancy in absolute value at birth,Malta,2017,80.2,,
ESTAT:TPS00208(1.0),04/07/25 23:00:00,Annual,Year,Males,Life expectancy in absolute value at birth,Malta,2018,80.4,,
ESTAT:TPS00208(1.0),04/07/25 23:00:00,Annual,Year,Males,Life expectancy in absolute value at birth,Malta,2019,81.2,,
ESTAT:TPS00208(1.0),04/07/25 23:00:00,Annual,Year,Males,Life expectancy in absolute value at birth,Malta,2020,80.3,,
ESTAT:TPS00208(1.0),04/07/25 23:00:00,Annual,Year,Males,Life expectancy in absolute value at birth,Malta,2021,80.8,,
ESTAT:TPS00208(1.0),04/07/25 23:00:00,Annual,Year,Males,Life expectancy in absolute value at birth,Malta,2022,80.4,,
ESTAT:TPS00208(1.0),04/07/25 23:00:00,Annual,Year,Males,Life expectancy in absolute value at birth,Malta,2023,81.6,,
ESTAT:TPS00208(1.0),04/07/25 23:00:00,Annual,Year,Males,Life expectancy in absolute value at birth,Netherlands,2012,79.3,,
ESTAT:TPS00208(1.0),04/07/25 23:00:00,Annual,Year,Males,Life expectancy in absolute value at birth,Netherlands,2013,79.5,,
ESTAT:TPS00208(1.0),04/07/25 23:00:00,Annual,Year,Males,Life expectancy in absolute value at birth,Netherlands,2014,80.0,,
ESTAT:TPS00208(1.0),04/07/25 23:00:00,Annual,Year,Males,Life expectancy in absolute value at birth,Netherlands,2015,79.9,,
ESTAT:TPS00208(1.0),04/07/25 23:00:00,Annual,Year,Males,Life expectancy in absolute value at birth,Netherlands,2016,80.0,,
ESTAT:TPS00208(1.0),04/07/25 23:00:00,Annual,Year,Males,Life expectancy in absolute value at birth,Netherlands,2017,80.2,,
ESTAT:TPS00208(1.0),04/07/25 23:00:00,Annual,Year,Males,Life expectancy in absolute value at birth,Netherlands,2018,80.3,,
ESTAT:TPS00208(1.0),04/07/25 23:00:00,Annual,Year,Males,Life expectancy in absolute value at birth,Netherlands,2019,80.6,,
ESTAT:TPS00208(1.0),04/07/25 23:00:00,Annual,Year,Males,Life expectancy in absolute value at birth,Netherlands,2020,79.7,,
ESTAT:TPS00208(1.0),04/07/25 23:00:00,Annual,Year,Males,Life expectancy in absolute value at birth,Netherlands,2021,79.7,,
ESTAT:TPS00208(1.0),04/07/25 23:00:00,Annual,Year,Males,Life expectancy in absolute value at birth,Netherlands,2022,80.2,,
ESTAT:TPS00208(1.0),04/07/25 23:00:00,Annual,Year,Males,Life expectancy in absolute value at birth,Netherlands,2023,80.4,,
ESTAT:TPS00208(1.0),04/07/25 23:00:00,Annual,Year,Males,Life expectancy in absolute value at birth,Norway,2012,79.5,,
ESTAT:TPS00208(1.0),04/07/25 23:00:00,Annual,Year,Males,Life expectancy in absolute value at birth,Norway,2013,79.8,,
ESTAT:TPS00208(1.0),04/07/25 23:00:00,Annual,Year,Males,Life expectancy in absolute value at birth,Norway,2014,80.1,,
ESTAT:TPS00208(1.0),04/07/25 23:00:00,Annual,Year,Males,Life expectancy in absolute value at birth,Norway,2015,80.5,,
ESTAT:TPS00208(1.0),04/07/25 23:00:00,Annual,Year,Males,Life expectancy in absolute value at birth,Norway,2016,80.7,,
ESTAT:TPS00208(1.0),04/07/25 23:00:00,Annual,Year,Males,Life expectancy in absolute value at birth,Norway,2017,81.0,,
ESTAT:TPS00208(1.0),04/07/25 23:00:00,Annual,Year,Males,Life expectancy in absolute value at birth,Norway,2018,81.1,,
ESTAT:TPS00208(1.0),04/07/25 23:00:00,Annual,Year,Males,Life expectancy in absolute value at birth,Norway,2019,81.3,,
ESTAT:TPS00208(1.0),04/07/25 23:00:00,Annual,Year,Males,Life expectancy in absolute value at birth,Norway,2020,81.6,,
ESTAT:TPS00208(1.0),04/07/25 23:00:00,Annual,Year,Males,Life expectancy in absolute value at birth,Norway,2021,81.7,,
ESTAT:TPS00208(1.0),04/07/25 23:00:00,Annual,Year,Males,Life expectancy in absolute value at birth,Norway,2022,80.9,,
ESTAT:TPS00208(1.0),04/07/25 23:00:00,Annual,Year,Males,Life expectancy in absolute value at birth,Norway,2023,81.5,,
ESTAT:TPS00208(1.0),04/07/25 23:00:00,Annual,Year,Males,Life expectancy in absolute value at birth,Poland,2012,72.6,,
ESTAT:TPS00208(1.0),04/07/25 23:00:00,Annual,Year,Males,Life expectancy in absolute value at birth,Poland,2013,73.0,,
ESTAT:TPS00208(1.0),04/07/25 23:00:00,Annual,Year,Males,Life expectancy in absolute value at birth,Poland,2014,73.7,,
ESTAT:TPS00208(1.0),04/07/25 23:00:00,Annual,Year,Males,Life expectancy in absolute value at birth,Poland,2015,73.5,,
ESTAT:TPS00208(1.0),04/07/25 23:00:00,Annual,Year,Males,Life expectancy in absolute value at birth,Poland,2016,73.9,,
ESTAT:TPS00208(1.0),04/07/25 23:00:00,Annual,Year,Males,Life expectancy in absolute value at birth,Poland,2017,73.9,,
ESTAT:TPS00208(1.0),04/07/25 23:00:00,Annual,Year,Males,Life expectancy in absolute value at birth,Poland,2018,73.7,,
ESTAT:TPS00208(1.0),04/07/25 23:00:00,Annual,Year,Males,Life expectancy in absolute value at birth,Poland,2019,74.1,,
ESTAT:TPS00208(1.0),04/07/25 23:00:00,Annual,Year,Males,Life expectancy in absolute value at birth,Poland,2020,72.5,,
ESTAT:TPS00208(1.0),04/07/25 23:00:00,Annual,Year,Males,Life expectancy in absolute value at birth,Poland,2021,71.6,,
ESTAT:TPS00208(1.0),04/07/25 23:00:00,Annual,Year,Males,Life expectancy in absolute value at birth,Poland,2022,73.4,,
ESTAT:TPS00208(1.0),04/07/25 23:00:00,Annual,Year,Males,Life expectancy in absolute value at birth,Poland,2023,74.6,ep,
ESTAT:TPS00208(1.0),04/07/25 23:00:00,Annual,Year,Males,Life expectancy in absolute value at birth,Portugal,2012,77.3,,
ESTAT:TPS00208(1.0),04/07/25 23:00:00,Annual,Year,Males,Life expectancy in absolute value at birth,Portugal,2013,77.6,,
ESTAT:TPS00208(1.0),04/07/25 23:00:00,Annual,Year,Males,Life expectancy in absolute value at birth,Portugal,2014,78.0,,
ESTAT:TPS00208(1.0),04/07/25 23:00:00,Annual,Year,Males,Life expectancy in absolute value at birth,Portugal,2015,78.1,,
ESTAT:TPS00208(1.0),04/07/25 23:00:00,Annual,Year,Males,Life expectancy in absolute value at birth,Portugal,2016,78.1,,
ESTAT:TPS00208(1.0),04/07/25 23:00:00,Annual,Year,Males,Life expectancy in absolute value at birth,Portugal,2017,78.4,,
ESTAT:TPS00208(1.0),04/07/25 23:00:00,Annual,Year,Males,Life expectancy in absolute value at birth,Portugal,2018,78.3,,
ESTAT:TPS00208(1.0),04/07/25 23:00:00,Annual,Year,Males,Life expectancy in absolute value at birth,Portugal,2019,78.7,,
ESTAT:TPS00208(1.0),04/07/25 23:00:00,Annual,Year,Males,Life expectancy in absolute value at birth,Portugal,2020,78.0,,
ESTAT:TPS00208(1.0),04/07/25 23:00:00,Annual,Year,Males,Life expectancy in absolute value at birth,Portugal,2021,78.5,,
ESTAT:TPS00208(1.0),04/07/25 23:00:00,Annual,Year,Males,Life expectancy in absolute value at birth,Portugal,2022,78.9,,
ESTAT:TPS00208(1.0),04/07/25 23:00:00,Annual,Year,Males,Life expectancy in absolute value at birth,Portugal,2023,79.5,,
ESTAT:TPS00208(1.0),04/07/25 23:00:00,Annual,Year,Males,Life expectancy in absolute value at birth,Romania,2012,70.9,,
ESTAT:TPS00208(1.0),04/07/25 23:00:00,Annual,Year,Males,Life expectancy in absolute value at birth,Romania,2013,71.6,,
ESTAT:TPS00208(1.0),04/07/25 23:00:00,Annual,Year,Males,Life expectancy in absolute value at birth,Romania,2014,71.3,,
ESTAT:TPS00208(1.0),04/07/25 23:00:00,Annual,Year,Males,Life expectancy in absolute value at birth,Romania,2015,71.4,,
ESTAT:TPS00208(1.0),04/07/25 23:00:00,Annual,Year,Males,Life expectancy in absolute value at birth,Romania,2016,71.7,,
ESTAT:TPS00208(1.0),04/07/25 23:00:00,Annual,Year,Males,Life expectancy in absolute value at birth,Romania,2017,71.6,,
ESTAT:TPS00208(1.0),04/07/25 23:00:00,Annual,Year,Males,Life expectancy in absolute value at birth,Romania,2018,71.7,,
ESTAT:TPS00208(1.0),04/07/25 23:00:00,Annual,Year,Males,Life expectancy in absolute value at birth,Romania,2019,71.9,,
ESTAT:TPS00208(1.0),04/07/25 23:00:00,Annual,Year,Males,Life expectancy in absolute value at birth,Romania,2020,70.4,,
ESTAT:TPS00208(1.0),04/07/25 23:00:00,Annual,Year,Males,Life expectancy in absolute value at birth,Romania,2021,69.2,,
ESTAT:TPS00208(1.0),04/07/25 23:00:00,Annual,Year,Males,Life expectancy in absolute value at birth,Romania,2022,71.3,,
ESTAT:TPS00208(1.0),04/07/25 23:00:00,Annual,Year,Males,Life expectancy in absolute value at birth,Romania,2023,72.6,e,
ESTAT:TPS00208(1.0),04/07/25 23:00:00,Annual,Year,Males,Life expectancy in absolute value at birth,Serbia,2012,,,
ESTAT:TPS00208(1.0),04/07/25 23:00:00,Annual,Year,Males,Life expectancy in absolute value at birth,Serbia,2013,,,
ESTAT:TPS00208(1.0),04/07/25 23:00:00,Annual,Year,Males,Life expectancy in absolute value at birth,Serbia,2014,,,
ESTAT:TPS00208(1.0),04/07/25 23:00:00,Annual,Year,Males,Life expectancy in absolute value at birth,Serbia,2015,,,
ESTAT:TPS00208(1.0),04/07/25 23:00:00,Annual,Year,Males,Life expectancy in absolute value at birth,Serbia,2016,,,
ESTAT:TPS00208(1.0),04/07/25 23:00:00,Annual,Year,Males,Life expectancy in absolute value at birth,Serbia,2017,,,
ESTAT:TPS00208(1.0),04/07/25 23:00:00,Annual,Year,Males,Life expectancy in absolute value at birth,Serbia,2018,,,
ESTAT:TPS00208(1.0),04/07/25 23:00:00,Annual,Year,Males,Life expectancy in absolute value at birth,Serbia,2019,,,
ESTAT:TPS00208(1.0),04/07/25 23:00:00,Annual,Year,Males,Life expectancy in absolute value at birth,Serbia,2020,,,
ESTAT:TPS00208(1.0),04/07/25 23:00:00,Annual,Year,Males,Life expectancy in absolute value at birth,Serbia,2021,,,
ESTAT:TPS00208(1.0),04/07/25 23:00:00,Annual,Year,Males,Life expectancy in absolute value at birth,Serbia,2022,,,
ESTAT:TPS00208(1.0),04/07/25 23:00:00,Annual,Year,Males,Life expectancy in absolute value at birth,Serbia,2023,,,
ESTAT:TPS00208(1.0),04/07/25 23:00:00,Annual,Year,Males,Life expectancy in absolute value at birth,Sweden,2012,,,
ESTAT:TPS00208(1.0),04/07/25 23:00:00,Annual,Year,Males,Life expectancy in absolute value at birth,Sweden,2013,80.2,,
ESTAT:TPS00208(1.0),04/07/25 23:00:00,Annual,Year,Males,Life expectancy in absolute value at birth,Sweden,2014,80.4,,
ESTAT:TPS00208(1.0),04/07/25 23:00:00,Annual,Year,Males,Life expectancy in absolute value at birth,Sweden,2015,80.4,,
ESTAT:TPS00208(1.0),04/07/25 23:00:00,Annual,Year,Males,Life expectancy in absolute value at birth,Sweden,2016,80.6,,
ESTAT:TPS00208(1.0),04/07/25 23:00:00,Annual,Year,Males,Life expectancy in absolute value at birth,Sweden,2017,80.8,,
ESTAT:TPS00208(1.0),04/07/25 23:00:00,Annual,Year,Males,Life expectancy in absolute value at birth,Sweden,2018,80.9,,
ESTAT:TPS00208(1.0),04/07/25 23:00:00,Annual,Year,Males,Life expectancy in absolute value at birth,Sweden,2019,81.5,,
ESTAT:TPS00208(1.0),04/07/25 23:00:00,Annual,Year,Males,Life expectancy in absolute value at birth,Sweden,2020,80.6,,
ESTAT:TPS00208(1.0),04/07/25 23:00:00,Annual,Year,Males,Life expectancy in absolute value at birth,Sweden,2021,81.3,,
ESTAT:TPS00208(1.0),04/07/25 23:00:00,Annual,Year,Males,Life expectancy in absolute value at birth,Sweden,2022,81.4,,
ESTAT:TPS00208(1.0),04/07/25 23:00:00,Annual,Year,Males,Life expectancy in absolute value at birth,Sweden,2023,81.7,,
ESTAT:TPS00208(1.0),04/07/25 23:00:00,Annual,Year,Males,Life expectancy in absolute value at birth,Slovenia,2012,77.1,,
ESTAT:TPS00208(1.0),04/07/25 23:00:00,Annual,Year,Males,Life expectancy in absolute value at birth,Slovenia,2013,77.2,,
ESTAT:TPS00208(1.0),04/07/25 23:00:00,Annual,Year,Males,Life expectancy in absolute value at birth,Slovenia,2014,78.2,,
ESTAT:TPS00208(1.0),04/07/25 23:00:00,Annual,Year,Males,Life expectancy in absolute value at birth,Slovenia,2015,77.8,,
ESTAT:TPS00208(1.0),04/07/25 23:00:00,Annual,Year,Males,Life expectancy in absolute value at birth,Slovenia,2016,78.2,,
ESTAT:TPS00208(1.0),04/07/25 23:00:00,Annual,Year,Males,Life expectancy in absolute value at birth,Slovenia,2017,78.2,,
ESTAT:TPS00208(1.0),04/07/25 23:00:00,Annual,Year,Males,Life expectancy in absolute value at birth,Slovenia,2018,78.5,,
ESTAT:TPS00208(1.0),04/07/25 23:00:00,Annual,Year,Males,Life expectancy in absolute value at birth,Slovenia,2019,78.7,,
ESTAT:TPS00208(1.0),04/07/25 23:00:00,Annual,Year,Males,Life expectancy in absolute value at birth,Slovenia,2020,77.8,,
ESTAT:TPS00208(1.0),04/07/25 23:00:00,Annual,Year,Males,Life expectancy in absolute value at birth,Slovenia,2021,77.7,,
ESTAT:TPS00208(1.0),04/07/25 23:00:00,Annual,Year,Males,Life expectancy in absolute value at birth,Slovenia,2022,78.6,,
ESTAT:TPS00208(1.0),04/07/25 23:00:00,Annual,Year,Males,Life expectancy in absolute value at birth,Slovenia,2023,79.1,,
ESTAT:TPS00208(1.0),04/07/25 23:00:00,Annual,Year,Males,Life expectancy in absolute value at birth,Slovakia,2012,72.5,,
ESTAT:TPS00208(1.0),04/07/25 23:00:00,Annual,Year,Males,Life expectancy in absolute value at birth,Slovakia,2013,72.9,,
ESTAT:TPS00208(1.0),04/07/25 23:00:00,Annual,Year,Males,Life expectancy in absolute value at birth,Slovakia,2014,73.3,,
ESTAT:TPS00208(1.0),04/07/25 23:00:00,Annual,Year,Males,Life expectancy in absolute value at birth,Slovakia,2015,73.1,,
ESTAT:TPS00208(1.0),04/07/25 23:00:00,Annual,Year,Males,Life expectancy in absolute value at birth,Slovakia,2016,73.8,,
ESTAT:TPS00208(1.0),04/07/25 23:00:00,Annual,Year,Males,Life expectancy in absolute value at birth,Slovakia,2017,73.8,,
ESTAT:TPS00208(1.0),04/07/25 23:00:00,Annual,Year,Males,Life expectancy in absolute value at birth,Slovakia,2018,73.9,,
ESTAT:TPS00208(1.0),04/07/25 23:00:00,Annual,Year,Males,Life expectancy in absolute value at birth,Slovakia,2019,74.3,,
ESTAT:TPS00208(1.0),04/07/25 23:00:00,Annual,Year,Males,Life expectancy in absolute value at birth,Slovakia,2020,73.5,,
ESTAT:TPS00208(1.0),04/07/25 23:00:00,Annual,Year,Males,Life expectancy in absolute value at birth,Slovakia,2021,71.2,,
ESTAT:TPS00208(1.0),04/07/25 23:00:00,Annual,Year,Males,Life expectancy in absolute value at birth,Slovakia,2022,73.6,,
ESTAT:TPS00208(1.0),04/07/25 23:00:00,Annual,Year,Males,Life expectancy in absolute value at birth,Slovakia,2023,74.9,,
ESTAT:TPS00208(1.0),04/07/25 23:00:00,Annual,Year,Males,Life expectancy in absolute value at birth,Türkiye,2012,,,
ESTAT:TPS00208(1.0),04/07/25 23:00:00,Annual,Year,Males,Life expectancy in absolute value at birth,Türkiye,2013,,,
ESTAT:TPS00208(1.0),04/07/25 23:00:00,Annual,Year,Males,Life expectancy in absolute value at birth,Türkiye,2014,,,
ESTAT:TPS00208(1.0),04/07/25 23:00:00,Annual,Year,Males,Life expectancy in absolute value at birth,Türkiye,2015,,,
ESTAT:TPS00208(1.0),04/07/25 23:00:00,Annual,Year,Males,Life expectancy in absolute value at birth,Türkiye,2016,,,
ESTAT:TPS00208(1.0),04/07/25 23:00:00,Annual,Year,Males,Life expectancy in absolute value at birth,Türkiye,2017,,,
ESTAT:TPS00208(1.0),04/07/25 23:00:00,Annual,Year,Males,Life expectancy in absolute value at birth,Türkiye,2018,,,
ESTAT:TPS00208(1.0),04/07/25 23:00:00,Annual,Year,Males,Life expectancy in absolute value at birth,Türkiye,2019,,,
ESTAT:TPS00208(1.0),04/07/25 23:00:00,Annual,Year,Males,Life expectancy in absolute value at birth,Türkiye,2020,,,
ESTAT:TPS00208(1.0),04/07/25 23:00:00,Annual,Year,Males,Life expectancy in absolute value at birth,Türkiye,2021,,,
ESTAT:TPS00208(1.0),04/07/25 23:00:00,Annual,Year,Males,Life expectancy in absolute value at birth,Türkiye,2022,,,
ESTAT:TPS00208(1.0),04/07/25 23:00:00,Annual,Year,Males,Life expectancy in absolute value at birth,Türkiye,2023,,,
ESTAT:TPS00208(1.0),04/07/25 23:00:00,Annual,Year,Males,Life expectancy in absolute value at birth,United Kingdom,2012,79.1,,
ESTAT:TPS00208(1.0),04/07/25 23:00:00,Annual,Year,Males,Life expectancy in absolute value at birth,United Kingdom,2013,79.2,,
ESTAT:TPS00208(1.0),04/07/25 23:00:00,Annual,Year,Males,Life expectancy in absolute value at birth,United Kingdom,2014,79.5,,
ESTAT:TPS00208(1.0),04/07/25 23:00:00,Annual,Year,Males,Life expectancy in absolute value at birth,United Kingdom,2015,79.2,,
ESTAT:TPS00208(1.0),04/07/25 23:00:00,Annual,Year,Males,Life expectancy in absolute value at birth,United Kingdom,2016,79.4,,
ESTAT:TPS00208(1.0),04/07/25 23:00:00,Annual,Year,Males,Life expectancy in absolute value at birth,United Kingdom,2017,79.5,,
ESTAT:TPS00208(1.0),04/07/25 23:00:00,Annual,Year,Males,Life expectancy in absolute value at birth,United Kingdom,2018,79.5,,
ESTAT:TPS00208(1.0),04/07/25 23:00:00,Annual,Year,Males,Life expectancy in absolute value at birth,United Kingdom,2019,,,
ESTAT:TPS00208(1.0),04/07/25 23:00:00,Annual,Year,Males,Life expectancy in absolute value at birth,United Kingdom,2020,,,
ESTAT:TPS00208(1.0),04/07/25 23:00:00,Annual,Year,Males,Life expectancy in absolute value at birth,United Kingdom,2021,,,
ESTAT:TPS00208(1.0),04/07/25 23:00:00,Annual,Year,Males,Life expectancy in absolute value at birth,United Kingdom,2022,,,
ESTAT:TPS00208(1.0),04/07/25 23:00:00,Annual,Year,Males,Life expectancy in absolute value at birth,United Kingdom,2023,,,
