STRUCTURE,STRUCTURE_ID,STRUCTURE_NAME,freq,Time frequency,life_sat,Life satisfaction,statinfo,Statistical information,isced11,International Standard Classification of Education (ISCED 2011),sex,Sex,age,Age class,unit,Unit of measure,geo,Geopolitical entity (reporting),TIME_PERIOD,Time,OBS_VALUE,Observation value,OBS_FLAG,Observation status (Flag) V2 structure,CONF_STATUS,Confidentiality status (flag)
dataflow,ESTAT:ILC_PW01B(1.0),"Life satisfaction by sex, age, educational attainment and domain",A,Annual,FIN,Financial situation,AVG,Average,TOTAL,All ISCED 2011 levels,T,Total,Y_GE16,16 years or over,RTG,Rating (0-10),AL,Albania,2018,,4.8,,,,,
dataflow,ESTAT:ILC_PW01B(1.0),"Life satisfaction by sex, age, educational attainment and domain",A,Annual,FIN,Financial situation,AVG,Average,TOTAL,All ISCED 2011 levels,T,Total,Y_GE16,16 years or over,RTG,Rating (0-10),AT,Austria,2018,,7.3,,,,,
dataflow,ESTAT:ILC_PW01B(1.0),"Life satisfaction by sex, age, educational attainment and domain",A,Annual,FIN,Financial situation,AVG,Average,TOTAL,All ISCED 2011 levels,T,Total,Y_GE16,16 years or over,RTG,Rating (0-10),BE,Belgium,2018,,7.0,,,,,
dataflow,ESTAT:ILC_PW01B(1.0),"Life satisfaction by sex, age, educational attainment and domain",A,Annual,FIN,Financial situation,AVG,Average,TOTAL,All ISCED 2011 levels,T,Total,Y_GE16,16 years or over,RTG,Rating (0-10),BG,Bulgaria,2018,,4.3,,,,,
dataflow,ESTAT:ILC_PW01B(1.0),"Life satisfaction by sex, age, educational attainment and domain",A,Annual,FIN,Financial situation,AVG,Average,TOTAL,All ISCED 2011 levels,T,Total,Y_GE16,16 years or over,RTG,Rating (0-10),CH,Switzerland,2018,,7.2,,,,,
dataflow,ESTAT:ILC_PW01B(1.0),"Life satisfaction by sex, age, educational attainment and domain",A,Annual,FIN,Financial situation,AVG,Average,TOTAL,All ISCED 2011 levels,T,Total,Y_GE16,16 years or over,RTG,Rating (0-10),CY,Cyprus,2018,,6.1,,,,,
dataflow,ESTAT:ILC_PW01B(1.0),"Life satisfaction by sex, age, educational attainment and domain",A,Annual,FIN,Financial situation,AVG,Average,TOTAL,All ISCED 2011 levels,T,Total,Y_GE16,16 years or over,RTG,Rating (0-10),CZ,Czechia,2018,,6.7,,,,,
dataflow,ESTAT:ILC_PW01B(1.0),"Life satisfaction by sex, age, educational attainment and domain",A,Annual,FIN,Financial situation,AVG,Average,TOTAL,All ISCED 2011 levels,T,Total,Y_GE16,16 years or over,RTG,Rating (0-10),DE,Germany,2018,,6.8,,,,,
dataflow,ESTAT:ILC_PW01B(1.0),"Life satisfaction by sex, age, educational attainment and domain",A,Annual,FIN,Financial situation,AVG,Average,TOTAL,All ISCED 2011 levels,T,Total,Y_GE16,16 years or over,RTG,Rating (0-10),DK,Denmark,2018,,7.6,,,,,
dataflow,ESTAT:ILC_PW01B(1.0),"Life satisfaction by sex, age, educational attainment and domain",A,Annual,FIN,Financial situation,AVG,Average,TOTAL,All ISCED 2011 levels,T,Total,Y_GE16,16 years or over,RTG,Rating (0-10),EE,Estonia,2018,,5.9,,,,,
dataflow,ESTAT:ILC_PW01B(1.0),"Life satisfaction by sex, age, educational attainment and domain",A,Annual,FIN,Financial situation,AVG,Average,TOTAL,All ISCED 2011 levels,T,Total,Y_GE16,16 years or over,RTG,Rating (0-10),EL,Greece,2018,,5.2,,,,,
dataflow,ESTAT:ILC_PW01B(1.0),"Life satisfaction by sex, age, educational attainment and domain",A,Annual,FIN,Financial situation,AVG,Average,TOTAL,All ISCED 2011 levels,T,Total,Y_GE16,16 years or over,RTG,Rating (0-10),ES,Spain,2018,,6.3,,,,,
dataflow,ESTAT:ILC_PW01B(1.0),"Life satisfaction by sex, age, educational attainment and domain",A,Annual,FIN,Financial situation,AVG,Average,TOTAL,All ISCED 2011 levels,T,Total,Y_GE16,16 years or over,RTG,Rating (0-10),FI,Finland,2018,,7.6,,,,,
dataflow,ESTAT:ILC_PW01B(1.0),"Life satisfaction by sex, age, educational attainment and domain",A,Annual,FIN,Financial situation,AVG,Average,TOTAL,All ISCED 2011 levels,T,Total,Y_GE16,16 years or over,RTG,Rating (0-10),FR,France,2018,,6.6,,,,,
dataflow,ESTAT:ILC_PW01B(1.0),"Life satisfaction by sex, age, educational attainment and domain",A,Annual,FIN,Financial situation,AVG,Average,TOTAL,All ISCED 2011 levels,T,Total,Y_GE16,16 years or over,RTG,Rating (0-10),HR,Croatia,2018,,5.2,,,,,
dataflow,ESTAT:ILC_PW01B(1.0),"Life satisfaction by sex, age, educational attainment and domain",A,Annual,FIN,Financial situation,AVG,Average,TOTAL,All ISCED 2011 levels,T,Total,Y_GE16,16 years or over,RTG,Rating (0-10),HU,Hungary,2018,,5.5,,,,,
dataflow,ESTAT:ILC_PW01B(1.0),"Life satisfaction by sex, age, educational attainment and domain",A,Annual,FIN,Financial situation,AVG,Average,TOTAL,All ISCED 2011 levels,T,Total,Y_GE16,16 years or over,RTG,Rating (0-10),IE,Ireland,2018,,7.2,,,,,
dataflow,ESTAT:ILC_PW01B(1.0),"Life satisfaction by sex, age, educational attainment and domain",A,Annual,FIN,Financial situation,AVG,Average,TOTAL,All ISCED 2011 levels,T,Total,Y_GE16,16 years or over,RTG,Rating (0-10),IS,Iceland,2018,,7.2,,,,,
dataflow,ESTAT:ILC_PW01B(1.0),"Life satisfaction by sex, age, educational attainment and domain",A,Annual,FIN,Financial situation,AVG,Average,TOTAL,All ISCED 2011 levels,T,Total,Y_GE16,16 years or over,RTG,Rating (0-10),IT,Italy,2018,,6.4,,,,,
dataflow,ESTAT:ILC_PW01B(1.0),"Life satisfaction by sex, age, educational attainment and domain",A,Annual,FIN,Financial situation,AVG,Average,TOTAL,All ISCED 2011 levels,T,Total,Y_GE16,16 years or over,RTG,Rating (0-10),LT,Lithuania,2018,,5.2,,,,,
dataflow,ESTAT:ILC_PW01B(1.0),"Life satisfaction by sex, age, educational attainment and domain",A,Annual,FIN,Financial situation,AVG,Average,TOTAL,All ISCED 2011 levels,T,Total,Y_GE16,16 years or over,RTG,Rating (0-10),LU,Luxembourg,2018,,7.0,,,,,
dataflow,ESTAT:ILC_PW01B(1.0),"Life satisfaction by sex, age, educational attainment and domain",A,Annual,FIN,Financial situation,AVG,Average,TOTAL,All ISCED 2011 levels,T,Total,Y_GE16,16 years or over,RTG,Rating (0-10),LV,Latvia,2018,,5.4,,,,,
dataflow,ESTAT:ILC_PW01B(1.0),"Life satisfaction by sex, age, educational attainment and domain",A,Annual,FIN,Financial situation,AVG,Average,TOTAL,All ISCED 2011 levels,T,Total,Y_GE16,16 years or over,RTG,Rating (0-10),ME,Montenegro,2018,,5.5,,,,,
dataflow,ESTAT:ILC_PW01B(1.0),"Life satisfaction by sex, age, educational attainment and domain",A,Annual,FIN,Financial situation,AVG,Average,TOTAL,All ISCED 2011 levels,T,Total,Y_GE16,16 years or over,RTG,Rating (0-10),MK,North Macedonia,2018,,5.1,,,,,
dataflow,ESTAT:ILC_PW01B(1.0),"Life satisfaction by sex, age, educational attainment and domain",A,Annual,FIN,Financial situation,AVG,Average,TOTAL,All ISCED 2011 levels,T,Total,Y_GE16,16 years or over,RTG,Rating (0-10),MT,Malta,2018,,6.8,,,,,
dataflow,ESTAT:ILC_PW01B(1.0),"Life satisfaction by sex, age, educational attainment and domain",A,Annual,FIN,Financial situation,AVG,Average,TOTAL,All ISCED 2011 levels,T,Total,Y_GE16,16 years or over,RTG,Rating (0-10),NL,Netherlands,2018,,7.4,,,,,
dataflow,ESTAT:ILC_PW01B(1.0),"Life satisfaction by sex, age, educational attainment and domain",A,Annual,FIN,Financial situation,AVG,Average,TOTAL,All ISCED 2011 levels,T,Total,Y_GE16,16 years or over,RTG,Rating (0-10),NO,Norway,2018,,7.6,,,,,
dataflow,ESTAT:ILC_PW01B(1.0),"Life satisfaction by sex, age, educational attainment and domain",A,Annual,FIN,Financial situation,AVG,Average,TOTAL,All ISCED 2011 levels,T,Total,Y_GE16,16 years or over,RTG,Rating (0-10),PL,Poland,2018,,6.3,,,,,
dataflow,ESTAT:ILC_PW01B(1.0),"Life satisfaction by sex, age, educational attainment and domain",A,Annual,FIN,Financial situation,AVG,Average,TOTAL,All ISCED 2011 levels,T,Total,Y_GE16,16 years or over,RTG,Rating (0-10),PT,Portugal,2018,,5.4,,,,,
dataflow,ESTAT:ILC_PW01B(1.0),"Life satisfaction by sex, age, educational attainment and domain",A,Annual,FIN,Financial situation,AVG,Average,TOTAL,All ISCED 2011 levels,T,Total,Y_GE16,16 years or over,RTG,Rating (0-10),RO,Romania,2018,,6.6,,,,,
dataflow,ESTAT:ILC_PW01B(1.0),"Life satisfaction by sex, age, educational attainment and domain",A,Annual,FIN,Financial situation,AVG,Average,TOTAL,All ISCED 2011 levels,T,Total,Y_GE16,16 years or over,RTG,Rating (0-10),RS,Serbia,2018,,4.4,,,,,
dataflow,ESTAT:ILC_PW01B(1.0),"Life satisfaction by sex, age, educational attainment and domain",A,Annual,FIN,Financial situation,AVG,Average,TOTAL,All ISCED 2011 levels,T,Total,Y_GE16,16 years or over,RTG,Rating (0-10),SE,Sweden,2018,,7.6,,,,,
dataflow,ESTAT:ILC_PW01B(1.0),"Life satisfaction by sex, age, educational attainment and domain",A,Annual,FIN,Financial situation,AVG,Average,TOTAL,All ISCED 2011 levels,T,Total,Y_GE16,16 years or over,RTG,Rating (0-10),SI,Slovenia,2018,,6.3,,,,,
dataflow,ESTAT:ILC_PW01B(1.0),"Life satisfaction by sex, age, educational attainment and domain",A,Annual,FIN,Financial situation,AVG,Average,TOTAL,All ISCED 2011 levels,T,Total,Y_GE16,16 years or over,RTG,Rating (0-10),SK,Slovakia,2018,,6.0,,,,,
dataflow,ESTAT:ILC_PW01B(1.0),"Life satisfaction by sex, age, educational attainment and domain",A,Annual,FIN,Financial situation,AVG,Average,TOTAL,All ISCED 2011 levels,T,Total,Y_GE16,16 years or over,RTG,Rating (0-10),TR,T端rkiye,2018,,4.9,,,,,
dataflow,ESTAT:ILC_PW01B(1.0),"Life satisfaction by sex, age, educational attainment and domain",A,Annual,FIN,Financial situation,AVG,Average,TOTAL,All ISCED 2011 levels,T,Total,Y_GE16,16 years or over,RTG,Rating (0-10),UK,United Kingdom,2018,,7.1,,,,,
dataflow,ESTAT:ILC_PW01B(1.0),"Life satisfaction by sex, age, educational attainment and domain",A,Annual,FIN,Financial situation,AVG,Average,TOTAL,All ISCED 2011 levels,T,Total,Y_GE16,16 years or over,RTG,Rating (0-10),XK,Kosovo*,2018,,4.8,,,,,
dataflow,ESTAT:ILC_PW01B(1.0),"Life satisfaction by sex, age, educational attainment and domain",A,Annual,JOB,Job,AVG,Average,TOTAL,All ISCED 2011 levels,T,Total,Y_GE16,16 years or over,RTG,Rating (0-10),AL,Albania,2018,,5.4,,,,,
dataflow,ESTAT:ILC_PW01B(1.0),"Life satisfaction by sex, age, educational attainment and domain",A,Annual,JOB,Job,AVG,Average,TOTAL,All ISCED 2011 levels,T,Total,Y_GE16,16 years or over,RTG,Rating (0-10),AT,Austria,2018,,8.0,,,,,
dataflow,ESTAT:ILC_PW01B(1.0),"Life satisfaction by sex, age, educational attainment and domain",A,Annual,JOB,Job,AVG,Average,TOTAL,All ISCED 2011 levels,T,Total,Y_GE16,16 years or over,RTG,Rating (0-10),BE,Belgium,2018,,7.5,,,,,
dataflow,ESTAT:ILC_PW01B(1.0),"Life satisfaction by sex, age, educational attainment and domain",A,Annual,JOB,Job,AVG,Average,TOTAL,All ISCED 2011 levels,T,Total,Y_GE16,16 years or over,RTG,Rating (0-10),BG,Bulgaria,2018,,6.4,,,,,
dataflow,ESTAT:ILC_PW01B(1.0),"Life satisfaction by sex, age, educational attainment and domain",A,Annual,JOB,Job,AVG,Average,TOTAL,All ISCED 2011 levels,T,Total,Y_GE16,16 years or over,RTG,Rating (0-10),CH,Switzerland,2018,,7.9,,,,,
dataflow,ESTAT:ILC_PW01B(1.0),"Life satisfaction by sex, age, educational attainment and domain",A,Annual,JOB,Job,AVG,Average,TOTAL,All ISCED 2011 levels,T,Total,Y_GE16,16 years or over,RTG,Rating (0-10),CY,Cyprus,2018,,7.3,,,,,
dataflow,ESTAT:ILC_PW01B(1.0),"Life satisfaction by sex, age, educational attainment and domain",A,Annual,JOB,Job,AVG,Average,TOTAL,All ISCED 2011 levels,T,Total,Y_GE16,16 years or over,RTG,Rating (0-10),CZ,Czechia,2018,,7.4,,,,,
dataflow,ESTAT:ILC_PW01B(1.0),"Life satisfaction by sex, age, educational attainment and domain",A,Annual,JOB,Job,AVG,Average,TOTAL,All ISCED 2011 levels,T,Total,Y_GE16,16 years or over,RTG,Rating (0-10),DE,Germany,2018,,7.0,,,,,
dataflow,ESTAT:ILC_PW01B(1.0),"Life satisfaction by sex, age, educational attainment and domain",A,Annual,JOB,Job,AVG,Average,TOTAL,All ISCED 2011 levels,T,Total,Y_GE16,16 years or over,RTG,Rating (0-10),DK,Denmark,2018,,7.6,,,,,
dataflow,ESTAT:ILC_PW01B(1.0),"Life satisfaction by sex, age, educational attainment and domain",A,Annual,JOB,Job,AVG,Average,TOTAL,All ISCED 2011 levels,T,Total,Y_GE16,16 years or over,RTG,Rating (0-10),EE,Estonia,2018,,7.6,,,,,
dataflow,ESTAT:ILC_PW01B(1.0),"Life satisfaction by sex, age, educational attainment and domain",A,Annual,JOB,Job,AVG,Average,TOTAL,All ISCED 2011 levels,T,Total,Y_GE16,16 years or over,RTG,Rating (0-10),EL,Greece,2018,,6.2,,,,,
dataflow,ESTAT:ILC_PW01B(1.0),"Life satisfaction by sex, age, educational attainment and domain",A,Annual,JOB,Job,AVG,Average,TOTAL,All ISCED 2011 levels,T,Total,Y_GE16,16 years or over,RTG,Rating (0-10),ES,Spain,2018,,7.3,,,,,
dataflow,ESTAT:ILC_PW01B(1.0),"Life satisfaction by sex, age, educational attainment and domain",A,Annual,JOB,Job,AVG,Average,TOTAL,All ISCED 2011 levels,T,Total,Y_GE16,16 years or over,RTG,Rating (0-10),FI,Finland,2018,,8.1,,,,,
dataflow,ESTAT:ILC_PW01B(1.0),"Life satisfaction by sex, age, educational attainment and domain",A,Annual,JOB,Job,AVG,Average,TOTAL,All ISCED 2011 levels,T,Total,Y_GE16,16 years or over,RTG,Rating (0-10),FR,France,2018,,7.3,,,,,
dataflow,ESTAT:ILC_PW01B(1.0),"Life satisfaction by sex, age, educational attainment and domain",A,Annual,JOB,Job,AVG,Average,TOTAL,All ISCED 2011 levels,T,Total,Y_GE16,16 years or over,RTG,Rating (0-10),HR,Croatia,2018,,7.0,,,,,
dataflow,ESTAT:ILC_PW01B(1.0),"Life satisfaction by sex, age, educational attainment and domain",A,Annual,JOB,Job,AVG,Average,TOTAL,All ISCED 2011 levels,T,Total,Y_GE16,16 years or over,RTG,Rating (0-10),HU,Hungary,2018,,7.1,,,,,
dataflow,ESTAT:ILC_PW01B(1.0),"Life satisfaction by sex, age, educational attainment and domain",A,Annual,JOB,Job,AVG,Average,TOTAL,All ISCED 2011 levels,T,Total,Y_GE16,16 years or over,RTG,Rating (0-10),IE,Ireland,2018,,7.8,,,,,
dataflow,ESTAT:ILC_PW01B(1.0),"Life satisfaction by sex, age, educational attainment and domain",A,Annual,JOB,Job,AVG,Average,TOTAL,All ISCED 2011 levels,T,Total,Y_GE16,16 years or over,RTG,Rating (0-10),IS,Iceland,2018,,8.1,,,,,
dataflow,ESTAT:ILC_PW01B(1.0),"Life satisfaction by sex, age, educational attainment and domain",A,Annual,JOB,Job,AVG,Average,TOTAL,All ISCED 2011 levels,T,Total,Y_GE16,16 years or over,RTG,Rating (0-10),IT,Italy,2018,,7.2,,,,,
dataflow,ESTAT:ILC_PW01B(1.0),"Life satisfaction by sex, age, educational attainment and domain",A,Annual,JOB,Job,AVG,Average,TOTAL,All ISCED 2011 levels,T,Total,Y_GE16,16 years or over,RTG,Rating (0-10),LT,Lithuania,2018,,7.0,,,,,
dataflow,ESTAT:ILC_PW01B(1.0),"Life satisfaction by sex, age, educational attainment and domain",A,Annual,JOB,Job,AVG,Average,TOTAL,All ISCED 2011 levels,T,Total,Y_GE16,16 years or over,RTG,Rating (0-10),LU,Luxembourg,2018,,7.3,,,,,
dataflow,ESTAT:ILC_PW01B(1.0),"Life satisfaction by sex, age, educational attainment and domain",A,Annual,JOB,Job,AVG,Average,TOTAL,All ISCED 2011 levels,T,Total,Y_GE16,16 years or over,RTG,Rating (0-10),LV,Latvia,2018,,7.4,,,,,
dataflow,ESTAT:ILC_PW01B(1.0),"Life satisfaction by sex, age, educational attainment and domain",A,Annual,JOB,Job,AVG,Average,TOTAL,All ISCED 2011 levels,T,Total,Y_GE16,16 years or over,RTG,Rating (0-10),ME,Montenegro,2018,,7.0,,,,,
dataflow,ESTAT:ILC_PW01B(1.0),"Life satisfaction by sex, age, educational attainment and domain",A,Annual,JOB,Job,AVG,Average,TOTAL,All ISCED 2011 levels,T,Total,Y_GE16,16 years or over,RTG,Rating (0-10),MK,North Macedonia,2018,,6.4,,,,,
dataflow,ESTAT:ILC_PW01B(1.0),"Life satisfaction by sex, age, educational attainment and domain",A,Annual,JOB,Job,AVG,Average,TOTAL,All ISCED 2011 levels,T,Total,Y_GE16,16 years or over,RTG,Rating (0-10),MT,Malta,2018,,7.5,,,,,
dataflow,ESTAT:ILC_PW01B(1.0),"Life satisfaction by sex, age, educational attainment and domain",A,Annual,JOB,Job,AVG,Average,TOTAL,All ISCED 2011 levels,T,Total,Y_GE16,16 years or over,RTG,Rating (0-10),NL,Netherlands,2018,,7.5,,,,,
dataflow,ESTAT:ILC_PW01B(1.0),"Life satisfaction by sex, age, educational attainment and domain",A,Annual,JOB,Job,AVG,Average,TOTAL,All ISCED 2011 levels,T,Total,Y_GE16,16 years or over,RTG,Rating (0-10),NO,Norway,2018,,8.1,,,,,
dataflow,ESTAT:ILC_PW01B(1.0),"Life satisfaction by sex, age, educational attainment and domain",A,Annual,JOB,Job,AVG,Average,TOTAL,All ISCED 2011 levels,T,Total,Y_GE16,16 years or over,RTG,Rating (0-10),PL,Poland,2018,,7.3,,,,,
dataflow,ESTAT:ILC_PW01B(1.0),"Life satisfaction by sex, age, educational attainment and domain",A,Annual,JOB,Job,AVG,Average,TOTAL,All ISCED 2011 levels,T,Total,Y_GE16,16 years or over,RTG,Rating (0-10),PT,Portugal,2018,,7.1,,,,,
dataflow,ESTAT:ILC_PW01B(1.0),"Life satisfaction by sex, age, educational attainment and domain",A,Annual,JOB,Job,AVG,Average,TOTAL,All ISCED 2011 levels,T,Total,Y_GE16,16 years or over,RTG,Rating (0-10),RO,Romania,2018,,7.2,,,,,
dataflow,ESTAT:ILC_PW01B(1.0),"Life satisfaction by sex, age, educational attainment and domain",A,Annual,JOB,Job,AVG,Average,TOTAL,All ISCED 2011 levels,T,Total,Y_GE16,16 years or over,RTG,Rating (0-10),RS,Serbia,2018,,6.2,,,,,
dataflow,ESTAT:ILC_PW01B(1.0),"Life satisfaction by sex, age, educational attainment and domain",A,Annual,JOB,Job,AVG,Average,TOTAL,All ISCED 2011 levels,T,Total,Y_GE16,16 years or over,RTG,Rating (0-10),SE,Sweden,2018,,7.7,,,,,
dataflow,ESTAT:ILC_PW01B(1.0),"Life satisfaction by sex, age, educational attainment and domain",A,Annual,JOB,Job,AVG,Average,TOTAL,All ISCED 2011 levels,T,Total,Y_GE16,16 years or over,RTG,Rating (0-10),SI,Slovenia,2018,,7.5,,,,,
dataflow,ESTAT:ILC_PW01B(1.0),"Life satisfaction by sex, age, educational attainment and domain",A,Annual,JOB,Job,AVG,Average,TOTAL,All ISCED 2011 levels,T,Total,Y_GE16,16 years or over,RTG,Rating (0-10),SK,Slovakia,2018,,7.1,,,,,
dataflow,ESTAT:ILC_PW01B(1.0),"Life satisfaction by sex, age, educational attainment and domain",A,Annual,JOB,Job,AVG,Average,TOTAL,All ISCED 2011 levels,T,Total,Y_GE16,16 years or over,RTG,Rating (0-10),TR,T端rkiye,2018,,6.2,,,,,
dataflow,ESTAT:ILC_PW01B(1.0),"Life satisfaction by sex, age, educational attainment and domain",A,Annual,JOB,Job,AVG,Average,TOTAL,All ISCED 2011 levels,T,Total,Y_GE16,16 years or over,RTG,Rating (0-10),UK,United Kingdom,2018,,7.2,,,,,
dataflow,ESTAT:ILC_PW01B(1.0),"Life satisfaction by sex, age, educational attainment and domain",A,Annual,JOB,Job,AVG,Average,TOTAL,All ISCED 2011 levels,T,Total,Y_GE16,16 years or over,RTG,Rating (0-10),XK,Kosovo*,2018,,6.7,,,,,
dataflow,ESTAT:ILC_PW01B(1.0),"Life satisfaction by sex, age, educational attainment and domain",A,Annual,PER_RELS,Personal relationships,AVG,Average,TOTAL,All ISCED 2011 levels,T,Total,Y_GE16,16 years or over,RTG,Rating (0-10),AL,Albania,2018,,6.9,,,,,
dataflow,ESTAT:ILC_PW01B(1.0),"Life satisfaction by sex, age, educational attainment and domain",A,Annual,PER_RELS,Personal relationships,AVG,Average,TOTAL,All ISCED 2011 levels,T,Total,Y_GE16,16 years or over,RTG,Rating (0-10),AT,Austria,2018,,8.6,,,,,
dataflow,ESTAT:ILC_PW01B(1.0),"Life satisfaction by sex, age, educational attainment and domain",A,Annual,PER_RELS,Personal relationships,AVG,Average,TOTAL,All ISCED 2011 levels,T,Total,Y_GE16,16 years or over,RTG,Rating (0-10),BE,Belgium,2018,,7.9,,,,,
dataflow,ESTAT:ILC_PW01B(1.0),"Life satisfaction by sex, age, educational attainment and domain",A,Annual,PER_RELS,Personal relationships,AVG,Average,TOTAL,All ISCED 2011 levels,T,Total,Y_GE16,16 years or over,RTG,Rating (0-10),BG,Bulgaria,2018,,6.6,,,,,
dataflow,ESTAT:ILC_PW01B(1.0),"Life satisfaction by sex, age, educational attainment and domain",A,Annual,PER_RELS,Personal relationships,AVG,Average,TOTAL,All ISCED 2011 levels,T,Total,Y_GE16,16 years or over,RTG,Rating (0-10),CH,Switzerland,2018,,8.6,,,,,
dataflow,ESTAT:ILC_PW01B(1.0),"Life satisfaction by sex, age, educational attainment and domain",A,Annual,PER_RELS,Personal relationships,AVG,Average,TOTAL,All ISCED 2011 levels,T,Total,Y_GE16,16 years or over,RTG,Rating (0-10),CY,Cyprus,2018,,8.5,,,,,
dataflow,ESTAT:ILC_PW01B(1.0),"Life satisfaction by sex, age, educational attainment and domain",A,Annual,PER_RELS,Personal relationships,AVG,Average,TOTAL,All ISCED 2011 levels,T,Total,Y_GE16,16 years or over,RTG,Rating (0-10),CZ,Czechia,2018,,8.3,,,,,
dataflow,ESTAT:ILC_PW01B(1.0),"Life satisfaction by sex, age, educational attainment and domain",A,Annual,PER_RELS,Personal relationships,AVG,Average,TOTAL,All ISCED 2011 levels,T,Total,Y_GE16,16 years or over,RTG,Rating (0-10),DE,Germany,2018,,7.9,,,,,
dataflow,ESTAT:ILC_PW01B(1.0),"Life satisfaction by sex, age, educational attainment and domain",A,Annual,PER_RELS,Personal relationships,AVG,Average,TOTAL,All ISCED 2011 levels,T,Total,Y_GE16,16 years or over,RTG,Rating (0-10),DK,Denmark,2018,,8.3,,,,,
dataflow,ESTAT:ILC_PW01B(1.0),"Life satisfaction by sex, age, educational attainment and domain",A,Annual,PER_RELS,Personal relationships,AVG,Average,TOTAL,All ISCED 2011 levels,T,Total,Y_GE16,16 years or over,RTG,Rating (0-10),EE,Estonia,2018,,7.9,,,,,
dataflow,ESTAT:ILC_PW01B(1.0),"Life satisfaction by sex, age, educational attainment and domain",A,Annual,PER_RELS,Personal relationships,AVG,Average,TOTAL,All ISCED 2011 levels,T,Total,Y_GE16,16 years or over,RTG,Rating (0-10),EL,Greece,2018,,7.1,,,,,
dataflow,ESTAT:ILC_PW01B(1.0),"Life satisfaction by sex, age, educational attainment and domain",A,Annual,PER_RELS,Personal relationships,AVG,Average,TOTAL,All ISCED 2011 levels,T,Total,Y_GE16,16 years or over,RTG,Rating (0-10),ES,Spain,2018,,8.2,,,,,
dataflow,ESTAT:ILC_PW01B(1.0),"Life satisfaction by sex, age, educational attainment and domain",A,Annual,PER_RELS,Personal relationships,AVG,Average,TOTAL,All ISCED 2011 levels,T,Total,Y_GE16,16 years or over,RTG,Rating (0-10),FI,Finland,2018,,8.4,,,,,
dataflow,ESTAT:ILC_PW01B(1.0),"Life satisfaction by sex, age, educational attainment and domain",A,Annual,PER_RELS,Personal relationships,AVG,Average,TOTAL,All ISCED 2011 levels,T,Total,Y_GE16,16 years or over,RTG,Rating (0-10),FR,France,2018,,8.0,,,,,
dataflow,ESTAT:ILC_PW01B(1.0),"Life satisfaction by sex, age, educational attainment and domain",A,Annual,PER_RELS,Personal relationships,AVG,Average,TOTAL,All ISCED 2011 levels,T,Total,Y_GE16,16 years or over,RTG,Rating (0-10),HR,Croatia,2018,,7.5,,,,,
dataflow,ESTAT:ILC_PW01B(1.0),"Life satisfaction by sex, age, educational attainment and domain",A,Annual,PER_RELS,Personal relationships,AVG,Average,TOTAL,All ISCED 2011 levels,T,Total,Y_GE16,16 years or over,RTG,Rating (0-10),HU,Hungary,2018,,7.6,,,,,
dataflow,ESTAT:ILC_PW01B(1.0),"Life satisfaction by sex, age, educational attainment and domain",A,Annual,PER_RELS,Personal relationships,AVG,Average,TOTAL,All ISCED 2011 levels,T,Total,Y_GE16,16 years or over,RTG,Rating (0-10),IE,Ireland,2018,,8.6,,,,,
dataflow,ESTAT:ILC_PW01B(1.0),"Life satisfaction by sex, age, educational attainment and domain",A,Annual,PER_RELS,Personal relationships,AVG,Average,TOTAL,All ISCED 2011 levels,T,Total,Y_GE16,16 years or over,RTG,Rating (0-10),IS,Iceland,2018,,8.1,,,,,
dataflow,ESTAT:ILC_PW01B(1.0),"Life satisfaction by sex, age, educational attainment and domain",A,Annual,PER_RELS,Personal relationships,AVG,Average,TOTAL,All ISCED 2011 levels,T,Total,Y_GE16,16 years or over,RTG,Rating (0-10),IT,Italy,2018,,7.6,,,,,
dataflow,ESTAT:ILC_PW01B(1.0),"Life satisfaction by sex, age, educational attainment and domain",A,Annual,PER_RELS,Personal relationships,AVG,Average,TOTAL,All ISCED 2011 levels,T,Total,Y_GE16,16 years or over,RTG,Rating (0-10),LT,Lithuania,2018,,7.9,,,,,
dataflow,ESTAT:ILC_PW01B(1.0),"Life satisfaction by sex, age, educational attainment and domain",A,Annual,PER_RELS,Personal relationships,AVG,Average,TOTAL,All ISCED 2011 levels,T,Total,Y_GE16,16 years or over,RTG,Rating (0-10),LU,Luxembourg,2018,,7.8,,,,,
dataflow,ESTAT:ILC_PW01B(1.0),"Life satisfaction by sex, age, educational attainment and domain",A,Annual,PER_RELS,Personal relationships,AVG,Average,TOTAL,All ISCED 2011 levels,T,Total,Y_GE16,16 years or over,RTG,Rating (0-10),LV,Latvia,2018,,7.8,,,,,
dataflow,ESTAT:ILC_PW01B(1.0),"Life satisfaction by sex, age, educational attainment and domain",A,Annual,PER_RELS,Personal relationships,AVG,Average,TOTAL,All ISCED 2011 levels,T,Total,Y_GE16,16 years or over,RTG,Rating (0-10),ME,Montenegro,2018,,7.9,,,,,
dataflow,ESTAT:ILC_PW01B(1.0),"Life satisfaction by sex, age, educational attainment and domain",A,Annual,PER_RELS,Personal relationships,AVG,Average,TOTAL,All ISCED 2011 levels,T,Total,Y_GE16,16 years or over,RTG,Rating (0-10),MK,North Macedonia,2018,,8.0,,,,,
dataflow,ESTAT:ILC_PW01B(1.0),"Life satisfaction by sex, age, educational attainment and domain",A,Annual,PER_RELS,Personal relationships,AVG,Average,TOTAL,All ISCED 2011 levels,T,Total,Y_GE16,16 years or over,RTG,Rating (0-10),MT,Malta,2018,,8.6,,,,,
dataflow,ESTAT:ILC_PW01B(1.0),"Life satisfaction by sex, age, educational attainment and domain",A,Annual,PER_RELS,Personal relationships,AVG,Average,TOTAL,All ISCED 2011 levels,T,Total,Y_GE16,16 years or over,RTG,Rating (0-10),NL,Netherlands,2018,,7.9,,,,,
dataflow,ESTAT:ILC_PW01B(1.0),"Life satisfaction by sex, age, educational attainment and domain",A,Annual,PER_RELS,Personal relationships,AVG,Average,TOTAL,All ISCED 2011 levels,T,Total,Y_GE16,16 years or over,RTG,Rating (0-10),NO,Norway,2018,,8.5,,,,,
dataflow,ESTAT:ILC_PW01B(1.0),"Life satisfaction by sex, age, educational attainment and domain",A,Annual,PER_RELS,Personal relationships,AVG,Average,TOTAL,All ISCED 2011 levels,T,Total,Y_GE16,16 years or over,RTG,Rating (0-10),PL,Poland,2018,,8.1,,,,,
dataflow,ESTAT:ILC_PW01B(1.0),"Life satisfaction by sex, age, educational attainment and domain",A,Annual,PER_RELS,Personal relationships,AVG,Average,TOTAL,All ISCED 2011 levels,T,Total,Y_GE16,16 years or over,RTG,Rating (0-10),PT,Portugal,2018,,8.2,,,,,
dataflow,ESTAT:ILC_PW01B(1.0),"Life satisfaction by sex, age, educational attainment and domain",A,Annual,PER_RELS,Personal relationships,AVG,Average,TOTAL,All ISCED 2011 levels,T,Total,Y_GE16,16 years or over,RTG,Rating (0-10),RO,Romania,2018,,7.6,,,,,
dataflow,ESTAT:ILC_PW01B(1.0),"Life satisfaction by sex, age, educational attainment and domain",A,Annual,PER_RELS,Personal relationships,AVG,Average,TOTAL,All ISCED 2011 levels,T,Total,Y_GE16,16 years or over,RTG,Rating (0-10),RS,Serbia,2018,,7.4,,,,,
dataflow,ESTAT:ILC_PW01B(1.0),"Life satisfaction by sex, age, educational attainment and domain",A,Annual,PER_RELS,Personal relationships,AVG,Average,TOTAL,All ISCED 2011 levels,T,Total,Y_GE16,16 years or over,RTG,Rating (0-10),SE,Sweden,2018,,8.5,,,,,
dataflow,ESTAT:ILC_PW01B(1.0),"Life satisfaction by sex, age, educational attainment and domain",A,Annual,PER_RELS,Personal relationships,AVG,Average,TOTAL,All ISCED 2011 levels,T,Total,Y_GE16,16 years or over,RTG,Rating (0-10),SI,Slovenia,2018,,8.6,,,,,
dataflow,ESTAT:ILC_PW01B(1.0),"Life satisfaction by sex, age, educational attainment and domain",A,Annual,PER_RELS,Personal relationships,AVG,Average,TOTAL,All ISCED 2011 levels,T,Total,Y_GE16,16 years or over,RTG,Rating (0-10),SK,Slovakia,2018,,8.2,,,,,
dataflow,ESTAT:ILC_PW01B(1.0),"Life satisfaction by sex, age, educational attainment and domain",A,Annual,PER_RELS,Personal relationships,AVG,Average,TOTAL,All ISCED 2011 levels,T,Total,Y_GE16,16 years or over,RTG,Rating (0-10),TR,T端rkiye,2018,,7.0,,,,,
dataflow,ESTAT:ILC_PW01B(1.0),"Life satisfaction by sex, age, educational attainment and domain",A,Annual,PER_RELS,Personal relationships,AVG,Average,TOTAL,All ISCED 2011 levels,T,Total,Y_GE16,16 years or over,RTG,Rating (0-10),UK,United Kingdom,2018,,8.5,,,,,
dataflow,ESTAT:ILC_PW01B(1.0),"Life satisfaction by sex, age, educational attainment and domain",A,Annual,PER_RELS,Personal relationships,AVG,Average,TOTAL,All ISCED 2011 levels,T,Total,Y_GE16,16 years or over,RTG,Rating (0-10),XK,Kosovo*,2018,,8.6,,,,,
dataflow,ESTAT:ILC_PW01B(1.0),"Life satisfaction by sex, age, educational attainment and domain",A,Annual,TIME,Time use,AVG,Average,TOTAL,All ISCED 2011 levels,T,Total,Y_GE16,16 years or over,RTG,Rating (0-10),AL,Albania,2018,,5.6,,,,,
dataflow,ESTAT:ILC_PW01B(1.0),"Life satisfaction by sex, age, educational attainment and domain",A,Annual,TIME,Time use,AVG,Average,TOTAL,All ISCED 2011 levels,T,Total,Y_GE16,16 years or over,RTG,Rating (0-10),AT,Austria,2018,,7.3,,,,,
dataflow,ESTAT:ILC_PW01B(1.0),"Life satisfaction by sex, age, educational attainment and domain",A,Annual,TIME,Time use,AVG,Average,TOTAL,All ISCED 2011 levels,T,Total,Y_GE16,16 years or over,RTG,Rating (0-10),BE,Belgium,2018,,7.0,,,,,
dataflow,ESTAT:ILC_PW01B(1.0),"Life satisfaction by sex, age, educational attainment and domain",A,Annual,TIME,Time use,AVG,Average,TOTAL,All ISCED 2011 levels,T,Total,Y_GE16,16 years or over,RTG,Rating (0-10),BG,Bulgaria,2018,,5.6,,,,,
dataflow,ESTAT:ILC_PW01B(1.0),"Life satisfaction by sex, age, educational attainment and domain",A,Annual,TIME,Time use,AVG,Average,TOTAL,All ISCED 2011 levels,T,Total,Y_GE16,16 years or over,RTG,Rating (0-10),CH,Switzerland,2018,,7.5,,,,,
dataflow,ESTAT:ILC_PW01B(1.0),"Life satisfaction by sex, age, educational attainment and domain",A,Annual,TIME,Time use,AVG,Average,TOTAL,All ISCED 2011 levels,T,Total,Y_GE16,16 years or over,RTG,Rating (0-10),CY,Cyprus,2018,,6.6,,,,,
dataflow,ESTAT:ILC_PW01B(1.0),"Life satisfaction by sex, age, educational attainment and domain",A,Annual,TIME,Time use,AVG,Average,TOTAL,All ISCED 2011 levels,T,Total,Y_GE16,16 years or over,RTG,Rating (0-10),CZ,Czechia,2018,,6.9,,,,,
dataflow,ESTAT:ILC_PW01B(1.0),"Life satisfaction by sex, age, educational attainment and domain",A,Annual,TIME,Time use,AVG,Average,TOTAL,All ISCED 2011 levels,T,Total,Y_GE16,16 years or over,RTG,Rating (0-10),DE,Germany,2018,,6.7,,,,,
dataflow,ESTAT:ILC_PW01B(1.0),"Life satisfaction by sex, age, educational attainment and domain",A,Annual,TIME,Time use,AVG,Average,TOTAL,All ISCED 2011 levels,T,Total,Y_GE16,16 years or over,RTG,Rating (0-10),DK,Denmark,2018,,7.5,,,,,
dataflow,ESTAT:ILC_PW01B(1.0),"Life satisfaction by sex, age, educational attainment and domain",A,Annual,TIME,Time use,AVG,Average,TOTAL,All ISCED 2011 levels,T,Total,Y_GE16,16 years or over,RTG,Rating (0-10),EE,Estonia,2018,,7.0,,,,,
dataflow,ESTAT:ILC_PW01B(1.0),"Life satisfaction by sex, age, educational attainment and domain",A,Annual,TIME,Time use,AVG,Average,TOTAL,All ISCED 2011 levels,T,Total,Y_GE16,16 years or over,RTG,Rating (0-10),EL,Greece,2018,,5.5,,,,,
dataflow,ESTAT:ILC_PW01B(1.0),"Life satisfaction by sex, age, educational attainment and domain",A,Annual,TIME,Time use,AVG,Average,TOTAL,All ISCED 2011 levels,T,Total,Y_GE16,16 years or over,RTG,Rating (0-10),ES,Spain,2018,,6.8,,,,,
dataflow,ESTAT:ILC_PW01B(1.0),"Life satisfaction by sex, age, educational attainment and domain",A,Annual,TIME,Time use,AVG,Average,TOTAL,All ISCED 2011 levels,T,Total,Y_GE16,16 years or over,RTG,Rating (0-10),FI,Finland,2018,,7.8,,,,,
dataflow,ESTAT:ILC_PW01B(1.0),"Life satisfaction by sex, age, educational attainment and domain",A,Annual,TIME,Time use,AVG,Average,TOTAL,All ISCED 2011 levels,T,Total,Y_GE16,16 years or over,RTG,Rating (0-10),FR,France,2018,,6.9,,,,,
dataflow,ESTAT:ILC_PW01B(1.0),"Life satisfaction by sex, age, educational attainment and domain",A,Annual,TIME,Time use,AVG,Average,TOTAL,All ISCED 2011 levels,T,Total,Y_GE16,16 years or over,RTG,Rating (0-10),HR,Croatia,2018,,6.3,,,,,
dataflow,ESTAT:ILC_PW01B(1.0),"Life satisfaction by sex, age, educational attainment and domain",A,Annual,TIME,Time use,AVG,Average,TOTAL,All ISCED 2011 levels,T,Total,Y_GE16,16 years or over,RTG,Rating (0-10),HU,Hungary,2018,,6.4,,,,,
dataflow,ESTAT:ILC_PW01B(1.0),"Life satisfaction by sex, age, educational attainment and domain",A,Annual,TIME,Time use,AVG,Average,TOTAL,All ISCED 2011 levels,T,Total,Y_GE16,16 years or over,RTG,Rating (0-10),IE,Ireland,2018,,7.5,,,,,
dataflow,ESTAT:ILC_PW01B(1.0),"Life satisfaction by sex, age, educational attainment and domain",A,Annual,TIME,Time use,AVG,Average,TOTAL,All ISCED 2011 levels,T,Total,Y_GE16,16 years or over,RTG,Rating (0-10),IS,Iceland,2018,,7.4,,,,,
dataflow,ESTAT:ILC_PW01B(1.0),"Life satisfaction by sex, age, educational attainment and domain",A,Annual,TIME,Time use,AVG,Average,TOTAL,All ISCED 2011 levels,T,Total,Y_GE16,16 years or over,RTG,Rating (0-10),IT,Italy,2018,,6.7,,,,,
dataflow,ESTAT:ILC_PW01B(1.0),"Life satisfaction by sex, age, educational attainment and domain",A,Annual,TIME,Time use,AVG,Average,TOTAL,All ISCED 2011 levels,T,Total,Y_GE16,16 years or over,RTG,Rating (0-10),LT,Lithuania,2018,,6.1,,,,,
dataflow,ESTAT:ILC_PW01B(1.0),"Life satisfaction by sex, age, educational attainment and domain",A,Annual,TIME,Time use,AVG,Average,TOTAL,All ISCED 2011 levels,T,Total,Y_GE16,16 years or over,RTG,Rating (0-10),LU,Luxembourg,2018,,7.0,,,,,
dataflow,ESTAT:ILC_PW01B(1.0),"Life satisfaction by sex, age, educational attainment and domain",A,Annual,TIME,Time use,AVG,Average,TOTAL,All ISCED 2011 levels,T,Total,Y_GE16,16 years or over,RTG,Rating (0-10),LV,Latvia,2018,,7.0,,,,,
dataflow,ESTAT:ILC_PW01B(1.0),"Life satisfaction by sex, age, educational attainment and domain",A,Annual,TIME,Time use,AVG,Average,TOTAL,All ISCED 2011 levels,T,Total,Y_GE16,16 years or over,RTG,Rating (0-10),ME,Montenegro,2018,,6.4,,,,,
dataflow,ESTAT:ILC_PW01B(1.0),"Life satisfaction by sex, age, educational attainment and domain",A,Annual,TIME,Time use,AVG,Average,TOTAL,All ISCED 2011 levels,T,Total,Y_GE16,16 years or over,RTG,Rating (0-10),MK,North Macedonia,2018,,6.0,,,,,
dataflow,ESTAT:ILC_PW01B(1.0),"Life satisfaction by sex, age, educational attainment and domain",A,Annual,TIME,Time use,AVG,Average,TOTAL,All ISCED 2011 levels,T,Total,Y_GE16,16 years or over,RTG,Rating (0-10),MT,Malta,2018,,6.6,,,,,
dataflow,ESTAT:ILC_PW01B(1.0),"Life satisfaction by sex, age, educational attainment and domain",A,Annual,TIME,Time use,AVG,Average,TOTAL,All ISCED 2011 levels,T,Total,Y_GE16,16 years or over,RTG,Rating (0-10),NL,Netherlands,2018,,7.2,,,,,
dataflow,ESTAT:ILC_PW01B(1.0),"Life satisfaction by sex, age, educational attainment and domain",A,Annual,TIME,Time use,AVG,Average,TOTAL,All ISCED 2011 levels,T,Total,Y_GE16,16 years or over,RTG,Rating (0-10),NO,Norway,2018,,7.5,,,,,
dataflow,ESTAT:ILC_PW01B(1.0),"Life satisfaction by sex, age, educational attainment and domain",A,Annual,TIME,Time use,AVG,Average,TOTAL,All ISCED 2011 levels,T,Total,Y_GE16,16 years or over,RTG,Rating (0-10),PL,Poland,2018,,6.9,,,,,
dataflow,ESTAT:ILC_PW01B(1.0),"Life satisfaction by sex, age, educational attainment and domain",A,Annual,TIME,Time use,AVG,Average,TOTAL,All ISCED 2011 levels,T,Total,Y_GE16,16 years or over,RTG,Rating (0-10),PT,Portugal,2018,,6.4,,,,,
dataflow,ESTAT:ILC_PW01B(1.0),"Life satisfaction by sex, age, educational attainment and domain",A,Annual,TIME,Time use,AVG,Average,TOTAL,All ISCED 2011 levels,T,Total,Y_GE16,16 years or over,RTG,Rating (0-10),RO,Romania,2018,,6.8,,,,,
dataflow,ESTAT:ILC_PW01B(1.0),"Life satisfaction by sex, age, educational attainment and domain",A,Annual,TIME,Time use,AVG,Average,TOTAL,All ISCED 2011 levels,T,Total,Y_GE16,16 years or over,RTG,Rating (0-10),RS,Serbia,2018,,5.8,,,,,
dataflow,ESTAT:ILC_PW01B(1.0),"Life satisfaction by sex, age, educational attainment and domain",A,Annual,TIME,Time use,AVG,Average,TOTAL,All ISCED 2011 levels,T,Total,Y_GE16,16 years or over,RTG,Rating (0-10),SE,Sweden,2018,,7.3,,,,,
dataflow,ESTAT:ILC_PW01B(1.0),"Life satisfaction by sex, age, educational attainment and domain",A,Annual,TIME,Time use,AVG,Average,TOTAL,All ISCED 2011 levels,T,Total,Y_GE16,16 years or over,RTG,Rating (0-10),SI,Slovenia,2018,,7.2,,,,,
dataflow,ESTAT:ILC_PW01B(1.0),"Life satisfaction by sex, age, educational attainment and domain",A,Annual,TIME,Time use,AVG,Average,TOTAL,All ISCED 2011 levels,T,Total,Y_GE16,16 years or over,RTG,Rating (0-10),SK,Slovakia,2018,,6.6,,,,,
dataflow,ESTAT:ILC_PW01B(1.0),"Life satisfaction by sex, age, educational attainment and domain",A,Annual,TIME,Time use,AVG,Average,TOTAL,All ISCED 2011 levels,T,Total,Y_GE16,16 years or over,RTG,Rating (0-10),TR,T端rkiye,2018,,5.5,,,,,
dataflow,ESTAT:ILC_PW01B(1.0),"Life satisfaction by sex, age, educational attainment and domain",A,Annual,TIME,Time use,AVG,Average,TOTAL,All ISCED 2011 levels,T,Total,Y_GE16,16 years or over,RTG,Rating (0-10),UK,United Kingdom,2018,,7.1,,,,,
dataflow,ESTAT:ILC_PW01B(1.0),"Life satisfaction by sex, age, educational attainment and domain",A,Annual,TIME,Time use,AVG,Average,TOTAL,All ISCED 2011 levels,T,Total,Y_GE16,16 years or over,RTG,Rating (0-10),XK,Kosovo*,2018,,6.3,,,,,
